3,0,0,215,265,240,371,-47,-2,5,163,-36,0,7,129,-70,-1,3,122,-92,2,7,121,-37,-2,7,101,-46,-3,1,5,-93,-2,7,357,-54,-2,2
3,1,0,215,265,240,369,-42,-2,5,163,-29,0,7,128,-67,-1,3,124,-85,2,7,119,-30,-2,7,98,-45,-3,1,3,-86,-2,7,355,-52,-2,2
3,2,0,215,265,240,367,-37,-2,5,163,-22,0,7,127,-64,-1,3,126,-78,2,7,117,-23,-2,7,95,-44,-3,1,1,-79,-2,7,353,-50,-2,2
3,3,0,215,265,240,365,-32,-2,5,163,-15,0,7,126,-61,-1,3,128,-71,2,7,115,-16,-2,7,92,-43,-3,1,-1,-72,-2,7,351,-48,-2,2
3,4,0,215,265,240,363,-27,-2,5,163,-8,0,7,125,-58,-1,3,130,-64,2,7,113,-9,-2,7,89,-42,-3,1,-3,-65,-2,7,349,-46,-2,2
3,5,0,215,265,240,361,-22,-2,5,163,-1,0,7,124,-55,-1,3,132,-57,2,7,111,-2,-2,7,86,-41,-3,1,-5,-58,-2,7,347,-44,-2,2
3,6,0,215,265,240,359,-17,-2,5,163,6,0,7,123,-52,-1,3,134,-50,2,7,109,5,-2,7,83,-40,-3,1,-7,-51,-2,7,345,-42,-2,2
3,7,0,215,265,240,357,-12,-2,5,163,13,0,7,122,-49,-1,3,136,-43,2,7,107,12,-2,7,80,-39,-3,1,-9,-44,-2,7,343,-40,-2,2
3,8,0,215,265,240,355,-7,-2,5,163,20,0,7,121,-46,-1,3,138,-36,2,7,105,19,-2,7,77,-38,-3,1,-11,-37,-2,7,341,-38,-2,2
3,9,0,215,265,240,353,-2,-2,5,163,27,0,7,120,-43,-1,3,140,-29,2,7,103,26,-2,7,74,-37,-3,1,-13,-30,-2,7,339,-36,-2,2
3,10,0,215,265,240,351,3,-2,5,163,34,0,7,119,-40,-1,3,142,-22,2,7,101,33,-2,7,71,-36,-3,1,-15,-23,-2,7,337,-34,-2,2
3,11,0,215,265,240,349,8,-2,5,163,41,0,7,118,-37,-1,3,144,-15,2,7,99,40,-2,7,68,-35,-3,1,-17,-16,-2,7,335,-32,-2,2
3,12,0,215,265,240,347,13,-2,5,163,48,0,7,117,-34,-1,3,146,-8,2,7,97,47,-2,7,65,-34,-3,1,-19,-9,-2,7,333,-30,-2,2
3,13,0,215,265,240,345,18,-2,5,163,55,0,7,116,-31,-1,3,148,-1,2,7,95,54,-2,7,62,-33,-3,1,-21,-2,-2,7,331,-28,-2,2
0,14,-8,207,257,232,343,23,-2,5,163,62,0,7,115,-28,-1,3,150,6,2,7,93,61,-2,7,59,-32,-3,1,-23,5,-2,7,329,-26,-2,2
0,15,-8,199,249,224,341,28,-2,5,163,69,0,7,114,-25,-1,3,152,13,2,7,91,68,-2,7,56,-31,-3,1,-25,12,-2,7,327,-24,-2,2
0,16,-8,191,241,216,339,33,-2,5,163,76,0,7,113,-22,-1,3,154,20,2,7,89,75,-2,7,53,-30,-3,1,150,-73,-2,6,325,-22,-2,2
0,17,-8,183,233,208,337,38,-2,5,163,83,0,7,112,-19,-1,3,156,27,2,7,87,82,-2,7,50,-29,-3,1,148,-67,-2,6,323,-20,-2,2
0,18,-8,175,225,200,335,43,-2,5,163,90,0,7,111,-16,-1,3,158,34,2,7,85,89,-2,7,47,-28,-3,1,146,-61,-2,6,321,-18,-2,2
0,19,-8,167,217,192,333,48,-2,5,163,97,0,7,110,-13,-1,3,160,41,2,7,83,96,-2,7,44,-27,-3,1,144,-55,-2,6,319,-16,-2,2
0,20,-8,159,209,184,331,53,-2,5,163,104,0,7,109,-10,-1,3,162,48,2,7,81,103,-2,7,41,-26,-3,1,142,-49,-2,6,317,-14,-2,2
0,21,-8,151,201,176,329,58,-2,5,163,111,0,7,108,-7,-1,3,164,55,2,7,79,110,-2,7,38,-25,-3,1,140,-43,-2,6,315,-12,-2,2
0,22,-8,143,193,168,327,63,-2,5,163,118,0,7,107,-4,-1,3,166,62,2,7,77,117,-2,7,35,-24,-3,1,138,-37,-2,6,313,-10,-2,2
0,23,-8,135,185,160,325,68,-2,5,163,125,0,7,106,-1,-1,3,168,69,2,7,75,124,-2,7,32,-23,-3,1,136,-31,-2,6,311,-8,-2,2
0,24,-8,127,177,152,323,73,-2,5,163,132,0,7,105,2,-1,3,170,76,2,7,73,131,-2,7,29,-22,-3,1,134,-25,-2,6,309,-6,-2,2
0,25,-8,119,169,144,321,78,-2,5,163,139,0,7,104,5,-1,3,172,83,2,7,71,138,-2,7,26,-21,-3,1,132,-19,-2,6,307,-4,-2,2
0,26,-8,111,161,136,319,83,-2,5,163,146,0,7,103,8,-1,3,174,90,2,7,69,145,-2,7,23,-20,-3,1,130,-13,-2,6,305,-2,-2,2
0,27,-8,103,153,128,317,88,-2,5,163,153,0,7,102,11,-1,3,176,97,2,7,67,152,-2,7,20,-19,-3,1,128,-7,-2,6,303,0,-2,2
0,28,-8,95,145,120,315,93,-2,5,163,160,0,7,101,14,-1,3,178,104,2,7,65,159,-2,7,17,-18,-3,1,126,-1,-2,6,301,2,-2,2
0,29,-8,87,137,112,313,98,-2,5,163,167,0,7,100,17,-1,3,180,111,2,7,63,166,-2,7,14,-17,-3,1,124,5,-2,6,299,4,-2,2
0,30,-8,79,129,104,311,103,-2,5,163,174,0,7,99,20,-1,3,182,118,2,7,61,173,-2,7,11,-16,-3,1,122,11,-2,6,297,6,-2,2
0,31,-8,71,121,96,309,108,-2,5,163,181,0,7,98,23,-1,3,184,125,2,7,59,180,-2,7,8,-15,-3,1,120,17,-2,6,295,8,-2,2
3,32,0,71,121,96,307,113,-2,5,163,188,0,7,97,26,-1,3,186,132,2,7,57,187,-2,7,5,-14,-3,1,118,23,-2,6,293,10,-2,2
2,33,0,71,121,96,305,118,-2,5,163,195,0,7,96,29,-1,3,188,139,2,7,55,194,-2,7,2,-13,-3,1,116,29,-2,6,291,12,-2,2
2,34,0,71,121,96,303,123,-2,5,163,202,0,7,95,32,-1,3,190,146,2,7,53,201,-2,7,-1,-12,-3,1,114,35,-2,6,289,14,-2,2
2,35,0,71,121,96,301,128,-2,5,163,209,0,7,94,35,-1,3,192,153,2,7,51,208,-2,7,-4,-11,-3,1,112,41,-2,6,287,16,-2,2
3,36,0,71,121,96,299,133,-2,5,163,216,0,7,93,38,-1,3,194,160,2,7,49,215,-2,7,-7,-10,-3,1,110,47,-2,6,285,18,-2,2
3,37,0,71,121,96,297,138,-2,5,163,223,0,7,92,41,-1,3,196,167,2,7,47,222,-2,7,-10,-9,-3,1,108,53,-2,6,283,20,-2,2
1,38,8,79,129,104,295,143,-2,5,163,230,0,7,91,44,-1,3,198,174,2,7,45,229,-2,7,-13,-8,-3,1,106,59,-2,6,281,22,-2,2
1,39,8,87,137,112,293,148,-2,5,163,237,0,7,90,47,-1,3,200,181,2,7,43,236,-2,7,-16,-7,-3,1,104,65,-2,6,279,24,-2,2
1,40,8,95,145,120,291,153,-2,5,163,244,0,7,89,50,-1,3,202,188,2,7,41,243,-2,7,-19,-6,-3,1,102,71,-2,6,277,26,-2,2
1,41,8,103,153,128,289,158,-2,5,88,53,-1,3,204,195,2,7,39,250,-2,7,-22,-5,-3,1,100,77,-2,6,275,28,-2,2,25,-88,-2,5
1,42,8,111,161,136,287,163,-2,5,87,56,-1,3,206,202,2,7,37,257,-2,7,-25,-4,-3,1,98,83,-2,6,273,30,-2,2,23,-83,-2,5
1,43,8,119,169,144,285,168,-2,5,86,59,-1,3,208,209,2,7,35,264,-2,7,89,-80,-3,2,96,89,-2,6,271,32,-2,2,21,-78,-2,5
1,44,8,127,177,152,283,173,-2,5,85,62,-1,3,210,216,2,7,33,271,-2,7,86,-78,-3,2,94,95,-2,6,269,34,-2,2,19,-73,-2,5
1,45,8,135,185,160,281,178,-2,5,84,65,-1,3,212,223,2,7,31,278,-2,7,83,-76,-3,2,92,101,-2,6,267,36,-2,2,17,-68,-2,5
1,46,8,143,193,168,279,183,-2,5,83,68,-1,3,214,230,2,7,29,285,-2,7,80,-74,-3,2,90,107,-2,6,265,38,-2,2,15,-63,-2,5
1,47,8,151,201,176,277,188,-2,5,82,71,-1,3,216,237,2,7,27,292,-2,7,77,-72,-3,2,88,113,-2,6,263,40,-2,2,13,-58,-2,5
1,48,8,159,209,184,275,193,-2,5,81,74,-1,3,218,244,2,7,25,299,-2,7,74,-70,-3,2,86,119,-2,6,261,42,-2,2,11,-53,-2,5
1,49,8,167,217,192,273,198,-2,5,80,77,-1,3,220,251,2,7,23,306,-2,7,71,-68,-3,2,84,125,-2,6,259,44,-2,2,9,-48,-2,5
1,50,8,175,225,200,271,203,-2,5,79,80,-1,3,222,258,2,7,21,313,-2,7,68,-66,-3,2,82,131,-2,6,257,46,-2,2,7,-43,-2,5
1,51,8,183,233,208,269,208,-2,5,78,83,-1,3,224,265,2,7,19,320,-2,7,65,-64,-3,2,80,137,-2,6,255,48,-2,2,5,-38,-2,5
1,52,8,191,241,216,267,213,-2,5,77,86,-1,3,226,272,2,7,17,327,-2,7,62,-62,-3,2,78,143,-2,6,253,50,-2,2,3,-33,-2,5
1,53,8,199,249,224,265,218,-2,5,76,89,-1,3,228,279,2,7,15,334,-2,7,59,-60,-3,2,76,149,-2,6,251,52,-2,2,1,-28,-2,5
1,54,8,207,257,232,263,223,-2,5,75,92,-1,3,230,286,2,7,13,341,-2,7,56,-58,-3,2,74,155,-2,6,249,54,-2,2,-1,-23,-2,5
1,55,8,215,265,240,261,228,-2,5,74,95,-1,3,232,293,2,7,11,348,-2,7,53,-56,-3,2,72,161,-2,6,247,56,-2,2,-3,-18,-2,5
1,56,8,223,273,248,259,233,-2,5,73,98,-1,3,234,300,2,7,9,355,-2,7,50,-54,-3,2,70,167,-2,6,245,58,-2,2,-5,-13,-2,5
1,57,8,231,281,256,257,238,-2,5,72,101,-1,3,236,307,2,7,7,362,-2,7,47,-52,-3,2,68,173,-2,6,243,60,-2,2,-7,-8,-2,5
1,58,8,239,289,264,255,243,-2,5,71,104,-1,3,238,314,2,7,5,369,-2,7,44,-50,-3,2,66,179,-2,6,241,62,-2,2,-9,-3,-2,5
1,59,8,247,297,272,253,248,-2,5,70,107,-1,3,240,321,2,7,3,376,-2,7,41,-48,-3,2,64,185,-2,6,239,64,-2,2,-11,2,-2,5
1,60,8,255,305,280,251,253,-2,5,69,110,-1,3,242,328,2,7,1,383,-2,7,38,-46,-3,2,237,66,-2,2,-13,7,-2,5,391,-71,1,1
1,61,8,263,313,288,249,258,-2,5,68,113,-1,3,244,335,2,7,-1,390,-2,7,35,-44,-3,2,235,68,-2,2,-15,12,-2,5,392,-70,1,1
1,62,8,271,321,296,247,263,-2,5,67,116,-1,3,246,342,2,7,-3,397,-2,7,32,-42,-3,2,233,70,-2,2,-17,17,-2,5,393,-69,1,1
1,63,8,279,329,304,245,268,-2,5,66,119,-1,3,248,349,2,7,-5,404,-2,7,29,-40,-3,2,231,72,-2,2,-19,22,-2,5,394,-68,1,1
1,64,8,287,337,312,243,273,-2,5,65,122,-1,3,250,356,2,7,-7,411,-2,7,26,-38,-3,2,229,74,-2,2,-21,27,-2,5,395,-67,1,1
1,65,8,295,345,320,241,278,-2,5,64,125,-1,3,252,363,2,7,-9,418,-2,7,23,-36,-3,2,227,76,-2,2,-23,32,-2,5,396,-66,1,1
1,66,8,303,353,328,239,283,-2,5,63,128,-1,3,254,370,2,7,-11,425,-2,7,20,-34,-3,2,225,78,-2,2,-25,37,-2,5,397,-65,1,1
1,67,8,311,361,336,237,288,-2,5,62,131,-1,3,-13,432,-2,7,17,-32,-3,2,223,80,-2,2,40,-59,-2,1,398,-64,1,1,196,-63,0,4
1,68,8,319,369,344,235,293,-2,5,61,134,-1,3,-15,439,-2,7,14,-30,-3,2,221,82,-2,2,38,-58,-2,1,399,-63,1,1,196,-59,0,4
1,69,8,327,377,352,233,298,-2,5,60,137,-1,3,-17,446,-2,7,11,-28,-3,2,219,84,-2,2,36,-57,-2,1,400,-62,1,1,196,-55,0,4
1,70,8,335,385,360,59,140,-1,3,-19,453,-2,7,8,-26,-3,2,217,86,-2,2,34,-56,-2,1,401,-61,1,1,196,-51,0,4,394,-47,0,5
2,71,0,335,385,360,58,143,-1,3,-21,460,-2,7,5,-24,-3,2,215,88,-2,2,32,-55,-2,1,402,-60,1,1,196,-47,0,4,394,-42,0,5
3,72,0,335,385,360,57,146,-1,3,-23,467,-2,7,2,-22,-3,2,213,90,-2,2,30,-54,-2,1,403,-59,1,1,196,-43,0,4,394,-37,0,5
3,73,0,335,385,360,56,149,-1,3,-25,474,-2,7,-1,-20,-3,2,211,92,-2,2,28,-53,-2,1,404,-58,1,1,196,-39,0,4,394,-32,0,5
0,74,-8,327,377,352,55,152,-1,3,288,-65,-2,6,-4,-18,-3,2,209,94,-2,2,26,-52,-2,1,405,-57,1,1,196,-35,0,4,394,-27,0,5
0,75,-8,319,369,344,54,155,-1,3,286,-59,-2,6,-7,-16,-3,2,207,96,-2,2,24,-51,-2,1,406,-56,1,1,196,-31,0,4,394,-22,0,5
0,76,-8,311,361,336,53,158,-1,3,284,-53,-2,6,-10,-14,-3,2,205,98,-2,2,22,-50,-2,1,407,-55,1,1,196,-27,0,4,394,-17,0,5
0,77,-8,303,353,328,52,161,-1,3,282,-47,-2,6,-13,-12,-3,2,203,100,-2,2,20,-49,-2,1,408,-54,1,1,196,-23,0,4,394,-12,0,5
0,78,-8,295,345,320,51,164,-1,3,280,-41,-2,6,-16,-10,-3,2,201,102,-2,2,18,-48,-2,1,409,-53,1,1,196,-19,0,4,394,-7,0,5
0,79,-8,287,337,312,50,167,-1,3,278,-35,-2,6,-19,-8,-3,2,199,104,-2,2,16,-47,-2,1,410,-52,1,1,196,-15,0,4,394,-2,0,5
0,80,-8,279,329,304,49,170,-1,3,276,-29,-2,6,-22,-6,-3,2,197,106,-2,2,14,-46,-2,1,411,-51,1,1,196,-11,0,4,394,3,0,5
0,81,-8,271,321,296,48,173,-1,3,274,-23,-2,6,-25,-4,-3,2,195,108,-2,2,12,-45,-2,1,412,-50,1,1,196,-7,0,4,394,8,0,5
0,82,-8,263,313,288,47,176,-1,3,272,-17,-2,6,181,-53,-3,3,193,110,-2,2,10,-44,-2,1,413,-49,1,1,196,-3,0,4,394,13,0,5
0,83,-8,255,305,280,46,179,-1,3,270,-11,-2,6,178,-50,-3,3,191,112,-2,2,8,-43,-2,1,414,-48,1,1,196,1,0,4,394,18,0,5
0,84,-8,247,297,272,45,182,-1,3,268,-5,-2,6,175,-47,-3,3,6,-42,-2,1,415,-47,1,1,196,5,0,4,394,23,0,5,104,-50,-1,7
0,85,-8,239,289,264,44,185,-1,3,266,1,-2,6,172,-44,-3,3,4,-41,-2,1,416,-46,1,1,196,9,0,4,394,28,0,5,103,-43,-1,7
0,86,-8,231,281,256,43,188,-1,3,264,7,-2,6,169,-41,-3,3,2,-40,-2,1,417,-45,1,1,196,13,0,4,394,33,0,5,102,-36,-1,7
0,87,-8,223,273,248,42,191,-1,3,262,13,-2,6,166,-38,-3,3,0,-39,-2,1,418,-44,1,1,196,17,0,4,394,38,0,5,101,-29,-1,7
0,88,-8,215,265,240,41,194,-1,3,260,19,-2,6,163,-35,-3,3,-2,-38,-2,1,419,-43,1,1,196,21,0,4,394,43,0,5,132,-76,0,5
0,89,-8,207,257,232,40,197,-1,3,258,25,-2,6,160,-32,-3,3,-4,-37,-2,1,420,-42,1,1,196,25,0,4,394,48,0,5,132,-71,0,5
0,90,-8,199,249,224,39,200,-1,3,256,31,-2,6,157,-29,-3,3,-6,-36,-2,1,421,-41,1,1,196,29,0,4,394,53,0,5,132,-66,0,5
0,91,-8,191,241,216,38,203,-1,3,254,37,-2,6,154,-26,-3,3,-8,-35,-2,1,422,-40,1,1,196,33,0,4,394,58,0,5,132,-61,0,5
0,92,-8,183,233,208,37,206,-1,3,252,43,-2,6,-10,-34,-2,1,423,-39,1,1,196,37,0,4,394,63,0,5,132,-56,0,5,138,-63,2,5
0,93,-8,175,225,200,36,209,-1,3,250,49,-2,6,-12,-33,-2,1,424,-38,1,1,394,68,0,5,132,-51,0,5,140,-58,2,5,135,-65,-3,6
0,94,-8,167,217,192,35,212,-1,3,248,55,-2,6,-14,-32,-2,1,425,-37,1,1,394,73,0,5,132,-46,0,5,142,-53,2,5,132,-59,-3,6
0,95,-8,159,209,184,34,215,-1,3,246,61,-2,6,-16,-31,-2,1,426,-36,1,1,394,78,0,5,132,-41,0,5,144,-48,2,5,129,-53,-3,6
0,96,-8,151,201,176,33,218,-1,3,244,67,-2,6,-18,-30,-2,1,427,-35,1,1,394,83,0,5,132,-36,0,5,146,-43,2,5,126,-47,-3,6
0,97,-8,143,193,168,32,221,-1,3,242,73,-2,6,-20,-29,-2,1,428,-34,1,1,394,88,0,5,132,-31,0,5,148,-38,2,5,123,-41,-3,6
0,98,-8,135,185,160,31,224,-1,3,240,79,-2,6,-22,-28,-2,1,429,-33,1,1,394,93,0,5,132,-26,0,5,150,-33,2,5,120,-35,-3,6
0,99,-8,127,177,152,30,227,-1,3,238,85,-2,6,-24,-27,-2,1,430,-32,1,1,394,98,0,5,132,-21,0,5,152,-28,2,5,117,-29,-3,6
0,100,-8,119,169,144,29,230,-1,3,236,91,-2,6,110,-47,-2,3,431,-31,1,1,394,103,0,5,132,-16,0,5,154,-23,2,5,114,-23,-3,6
0,101,-8,111,161,136,28,233,-1,3,234,97,-2,6,108,-44,-2,3,432,-30,1,1,394,108,0,5,132,-11,0,5,156,-18,2,5,111,-17,-3,6
0,102,-8,103,153,128,27,236,-1,3,232,103,-2,6,106,-41,-2,3,433,-29,1,1,394,113,0,5,132,-6,0,5,158,-13,2,5,108,-11,-3,6
0,103,-8,95,145,120,26,239,-1,3,230,109,-2,6,104,-38,-2,3,434,-28,1,1,394,118,0,5,132,-1,0,5,160,-8,2,5,105,-5,-3,6
0,104,-8,87,137,112,25,242,-1,3,228,115,-2,6,102,-35,-2,3,435,-27,1,1,394,123,0,5,132,4,0,5,162,-3,2,5,102,1,-3,6
0,105,-8,79,129,104,24,245,-1,3,226,121,-2,6,100,-32,-2,3,436,-26,1,1,394,128,0,5,132,9,0,5,164,2,2,5,99,7,-3,6
0,106,-8,71,121,96,23,248,-1,3,224,127,-2,6,98,-29,-2,3,437,-25,1,1,394,133,0,5,132,14,0,5,166,7,2,5,96,13,-3,6
0,107,-8,63,113,88,22,251,-1,3,222,133,-2,6,96,-26,-2,3,438,-24,1,1,394,138,0,5,132,19,0,5,168,12,2,5,93,19,-3,6
0,108,-8,55,105,80,21,254,-1,3,220,139,-2,6,94,-23,-2,3,439,-23,1,1,394,143,0,5,132,24,0,5,170,17,2,5,90,25,-3,6
0,109,-8,47,97,72,20,257,-1,3,218,145,-2,6,92,-20,-2,3,440,-22,1,1,394,148,0,5,132,29,0,5,172,22,2,5,87,31,-3,6
0,110,-8,39,89,64,19,260,-1,3,216,151,-2,6,90,-17,-2,3,441,-21,1,1,394,153,0,5,132,34,0,5,174,27,2,5,84,37,-3,6
0,111,-8,31,81,56,18,263,-1,3,214,157,-2,6,88,-14,-2,3,442,-20,1,1,394,158,0,5,132,39,0,5,176,32,2,5,81,43,-3,6
0,112,-8,23,73,48,17,266,-1,3,212,163,-2,6,86,-11,-2,3,443,-19,1,1,394,163,0,5,132,44,0,5,178,37,2,5,78,49,-3,6
0,113,-8,15,65,40,16,269,-1,3,210,169,-2,6,84,-8,-2,3,444,-18,1,1,394,168,0,5,132,49,0,5,180,42,2,5,75,55,-3,6
0,114,-8,7,57,32,15,272,-1,3,208,175,-2,6,82,-5,-2,3,445,-17,1,1,394,173,0,5,132,54,0,5,182,47,2,5,72,61,-3,6
0,115,-8,0,50,25,14,275,-1,3,206,181,-2,6,80,-2,-2,3,446,-16,1,1,394,178,0,5,132,59,0,5,184,52,2,5,69,67,-3,6
3,116,0,0,50,25,13,278,-1,3,204,187,-2,6,78,1,-2,3,447,-15,1,1,394,183,0,5,132,64,0,5,186,57,2,5,66,73,-3,6
2,117,0,0,50,25,12,281,-1,3,76,4,-2,3,448,-14,1,1,394,188,0,5,132,69,0,5,188,62,2,5,63,79,-3,6,58,-78,2,5
2,118,0,0,50,25,11,284,-1,3,74,7,-2,3,449,-13,1,1,394,193,0,5,132,74,0,5,190,67,2,5,60,85,-3,6,60,-73,2,5
1,119,8,8,58,33,10,287,-1,3,72,10,-2,3,450,-12,1,1,394,198,0,5,132,79,0,5,192,72,2,5,57,91,-3,6,62,-68,2,5
1,120,8,16,66,41,9,290,-1,3,70,13,-2,3,451,-11,1,1,394,203,0,5,132,84,0,5,194,77,2,5,54,97,-3,6,64,-63,2,5
1,121,8,24,74,49,8,293,-1,3,68,16,-2,3,452,-10,1,1,394,208,0,5,132,89,0,5,196,82,2,5,51,103,-3,6,66,-58,2,5
1,122,8,32,82,57,7,296,-1,3,66,19,-2,3,453,-9,1,1,394,213,0,5,132,94,0,5,198,87,2,5,48,109,-3,6,68,-53,2,5
1,123,8,40,90,65,6,299,-1,3,64,22,-2,3,454,-8,1,1,394,218,0,5,132,99,0,5,200,92,2,5,45,115,-3,6,70,-48,2,5
1,124,8,48,98,73,5,302,-1,3,62,25,-2,3,455,-7,1,1,394,223,0,5,132,104,0,5,202,97,2,5,42,121,-3,6,72,-43,2,5
1,125,8,56,106,81,4,305,-1,3,60,28,-2,3,456,-6,1,1,394,228,0,5,132,109,0,5,204,102,2,5,39,127,-3,6,74,-38,2,5
1,126,8,64,114,89,3,308,-1,3,58,31,-2,3,457,-5,1,1,394,233,0,5,132,114,0,5,206,107,2,5,36,133,-3,6,76,-33,2,5
1,127,8,72,122,97,2,311,-1,3,56,34,-2,3,343,-93,1,5,394,238,0,5,132,119,0,5,208,112,2,5,33,139,-3,6,78,-28,2,5
1,128,8,80,130,105,54,37,-2,3,344,-88,1,5,394,243,0,5,132,124,0,5,210,117,2,5,30,145,-3,6,80,-23,2,5,353,-98,-3,1
1,129,8,88,138,113,52,40,-2,3,345,-83,1,5,394,248,0,5,212,122,2,5,27,151,-3,6,82,-18,2,5,350,-97,-3,1,231,-88,-3,5
1,130,8,96,146,121,50,43,-2,3,346,-78,1,5,394,253,0,5,214,127,2,5,24,157,-3,6,84,-13,2,5,347,-96,-3,1,228,-83,-3,5
1,131,8,104,154,129,48,46,-2,3,347,-73,1,5,394,258,0,5,216,132,2,5,21,163,-3,6,86,-8,2,5,344,-95,-3,1,225,-78,-3,5
1,132,8,112,162,137,46,49,-2,3,348,-68,1,5,394,263,0,5,218,137,2,5,18,169,-3,6,88,-3,2,5,341,-94,-3,1,222,-73,-3,5
1,133,8,120,170,145,44,52,-2,3,349,-63,1,5,394,268,0,5,220,142,2,5,15,175,-3,6,90,2,2,5,338,-93,-3,1,219,-68,-3,5
1,134,8,128,178,153,42,55,-2,3,350,-58,1,5,394,273,0,5,222,147,2,5,12,181,-3,6,92,7,2,5,335,-92,-3,1,216,-63,-3,5
1,135,8,136,186,161,40,58,-2,3,351,-53,1,5,394,278,0,5,224,152,2,5,9,187,-3,6,94,12,2,5,332,-91,-3,1,213,-58,-3,5
1,136,8,144,194,169,38,61,-2,3,352,-48,1,5,394,283,0,5,226,157,2,5,6,193,-3,6,96,17,2,5,329,-90,-3,1,210,-53,-3,5
1,137,8,152,202,177,36,64,-2,3,353,-43,1,5,394,288,0,5,228,162,2,5,3,199,-3,6,98,22,2,5,326,-89,-3,1,207,-48,-3,5
1,138,8,160,210,185,34,67,-2,3,354,-38,1,5,394,293,0,5,230,167,2,5,0,205,-3,6,100,27,2,5,323,-88,-3,1,204,-43,-3,5
1,139,8,168,218,193,32,70,-2,3,355,-33,1,5,394,298,0,5,232,172,2,5,-3,211,-3,6,102,32,2,5,320,-87,-3,1,201,-38,-3,5
1,140,8,176,226,201,30,73,-2,3,356,-28,1,5,394,303,0,5,234,177,2,5,104,37,2,5,317,-86,-3,1,198,-33,-3,5,156,-47,-3,2
1,141,8,184,234,209,28,76,-2,3,357,-23,1,5,394,308,0,5,236,182,2,5,314,-85,-3,1,195,-28,-3,5,153,-45,-3,2,176,-48,-3,6
1,142,8,192,242,217,26,79,-2,3,358,-18,1,5,394,313,0,5,238,187,2,5,311,-84,-3,1,150,-43,-3,2,173,-42,-3,6,285,-55,-2,4
1,143,8,200,250,225,24,82,-2,3,359,-13,1,5,394,318,0,5,240,192,2,5,308,-83,-3,1,147,-41,-3,2,170,-36,-3,6,283,-51,-2,4
1,144,8,208,258,233,22,85,-2,3,360,-8,1,5,394,323,0,5,242,197,2,5,305,-82,-3,1,144,-39,-3,2,167,-30,-3,6,281,-47,-2,4
1,145,8,216,266,241,20,88,-2,3,361,-3,1,5,394,328,0,5,244,202,2,5,302,-81,-3,1,141,-37,-3,2,164,-24,-3,6,279,-43,-2,4
1,146,8,224,274,249,18,91,-2,3,362,2,1,5,394,333,0,5,246,207,2,5,299,-80,-3,1,138,-35,-3,2,161,-18,-3,6,277,-39,-2,4
1,147,8,232,282,257,363,7,1,5,394,338,0,5,248,212,2,5,296,-79,-3,1,135,-33,-3,2,158,-12,-3,6,275,-35,-2,4,406,-80,-3,3
1,148,8,240,290,265,364,12,1,5,394,343,0,5,250,217,2,5,293,-78,-3,1,132,-31,-3,2,155,-6,-3,6,273,-31,-2,4,403,-77,-3,3
1,149,8,248,298,273,365,17,1,5,394,348,0,5,252,222,2,5,290,-77,-3,1,129,-29,-3,2,152,0,-3,6,271,-27,-2,4,400,-74,-3,3
1,150,8,256,306,281,366,22,1,5,394,353,0,5,254,227,2,5,287,-76,-3,1,126,-27,-3,2,149,6,-3,6,269,-23,-2,4,397,-71,-3,3
1,151,8,264,314,289,367,27,1,5,394,358,0,5,256,232,2,5,284,-75,-3,1,146,12,-3,6,267,-19,-2,4,394,-68,-3,3,21,-89,-1,4
1,152,8,272,322,297,368,32,1,5,394,363,0,5,258,237,2,5,281,-74,-3,1,143,18,-3,6,265,-15,-2,4,391,-65,-3,3,20,-85,-1,4
1,153,8,280,330,305,369,37,1,5,394,368,0,5,260,242,2,5,278,-73,-3,1,140,24,-3,6,263,-11,-2,4,388,-62,-3,3,19,-81,-1,4
1,154,8,288,338,313,370,42,1,5,394,373,0,5,262,247,2,5,275,-72,-3,1,137,30,-3,6,261,-7,-2,4,385,-59,-3,3,18,-77,-1,4
1,155,8,296,346,321,371,47,1,5,394,378,0,5,264,252,2,5,272,-71,-3,1,134,36,-3,6,259,-3,-2,4,382,-56,-3,3,17,-73,-1,4
1,156,8,304,354,329,372,52,1,5,394,383,0,5,266,257,2,5,269,-70,-3,1,131,42,-3,6,257,1,-2,4,379,-53,-3,3,16,-69,-1,4
1,157,8,312,362,337,373,57,1,5,394,388,0,5,268,262,2,5,266,-69,-3,1,128,48,-3,6,255,5,-2,4,376,-50,-3,3,15,-65,-1,4
1,158,8,320,370,345,374,62,1,5,394,393,0,5,270,267,2,5,263,-68,-3,1,125,54,-3,6,253,9,-2,4,373,-47,-3,3,14,-61,-1,4
1,159,8,328,378,353,375,67,1,5,394,398,0,5,272,272,2,5,260,-67,-3,1,122,60,-3,6,251,13,-2,4,370,-44,-3,3,13,-57,-1,4
1,160,8,336,386,361,376,72,1,5,394,403,0,5,274,277,2,5,257,-66,-3,1,119,66,-3,6,249,17,-2,4,367,-41,-3,3,12,-53,-1,4
1,161,8,344,394,369,377,77,1,5,394,408,0,5,276,282,2,5,254,-65,-3,1,116,72,-3,6,247,21,-2,4,364,-38,-3,3,11,-49,-1,4
1,162,8,352,402,377,378,82,1,5,394,413,0,5,278,287,2,5,251,-64,-3,1,113,78,-3,6,245,25,-2,4,361,-35,-3,3,10,-45,-1,4
1,163,8,360,410,385,379,87,1,5,394,418,0,5,280,292,2,5,248,-63,-3,1,110,84,-3,6,243,29,-2,4,358,-32,-3,3,9,-41,-1,4
1,164,8,368,418,393,380,92,1,5,394,423,0,5,282,297,2,5,245,-62,-3,1,107,90,-3,6,241,33,-2,4,355,-29,-3,3,8,-37,-1,4
1,165,8,376,426,401,381,97,1,5,394,428,0,5,284,302,2,5,242,-61,-3,1,239,37,-2,4,352,-26,-3,3,7,-33,-1,4,5,-66,2,3
1,166,8,384,434,409,382,102,1,5,394,433,0,5,239,-60,-3,1,237,41,-2,4,349,-23,-3,3,6,-29,-1,4,7,-63,2,3,326,-67,2,5
1,167,8,392,442,417,383,107,1,5,236,-59,-3,1,235,45,-2,4,346,-20,-3,3,5,-25,-1,4,9,-60,2,3,328,-62,2,5,80,-83,-3,2
1,168,8,400,450,425,384,112,1,5,233,-58,-3,1,233,49,-2,4,343,-17,-3,3,11,-57,2,3,330,-57,2,5,77,-81,-3,2,257,-57,-3,5
1,169,8,408,458,433,385,117,1,5,230,-57,-3,1,231,53,-2,4,340,-14,-3,3,13,-54,2,3,332,-52,2,5,74,-79,-3,2,254,-52,-3,5
1,170,8,416,466,441,386,122,1,5,227,-56,-3,1,229,57,-2,4,337,-11,-3,3,15,-51,2,3,334,-47,2,5,71,-77,-3,2,251,-47,-3,5
1,171,8,424,474,449,387,127,1,5,224,-55,-3,1,227,61,-2,4,334,-8,-3,3,17,-48,2,3,336,-42,2,5,68,-75,-3,2,248,-42,-3,5
2,172,0,424,474,449,388,132,1,5,221,-54,-3,1,225,65,-2,4,331,-5,-3,3,19,-45,2,3,338,-37,2,5,65,-73,-3,2,245,-37,-3,5
3,173,0,424,474,449,389,137,1,5,218,-53,-3,1,223,69,-2,4,328,-2,-3,3,340,-32,2,5,62,-71,-3,2,242,-32,-3,5,280,-87,0,5
0,174,-8,416,466,441,390,142,1,5,215,-52,-3,1,221,73,-2,4,325,1,-3,3,342,-27,2,5,59,-69,-3,2,239,-27,-3,5,280,-82,0,5
0,175,-8,408,458,433,391,147,1,5,212,-51,-3,1,219,77,-2,4,322,4,-3,3,344,-22,2,5,56,-67,-3,2,236,-22,-3,5,280,-77,0,5
0,176,-8,400,450,425,392,152,1,5,209,-50,-3,1,217,81,-2,4,319,7,-3,3,346,-17,2,5,53,-65,-3,2,233,-17,-3,5,280,-72,0,5
0,177,-8,392,442,417,393,157,1,5,206,-49,-3,1,215,85,-2,4,316,10,-3,3,348,-12,2,5,50,-63,-3,2,230,-12,-3,5,280,-67,0,5
0,178,-8,384,434,409,394,162,1,5,203,-48,-3,1,213,89,-2,4,313,13,-3,3,350,-7,2,5,227,-7,-3,5,280,-62,0,5,132,-56,-3,3
0,179,-8,376,426,401,395,167,1,5,200,-47,-3,1,310,16,-3,3,352,-2,2,5,224,-2,-3,5,280,-57,0,5,129,-53,-3,3,227,-84,2,4
0,180,-8,368,418,393,396,172,1,5,197,-46,-3,1,307,19,-3,3,354,3,2,5,221,3,-3,5,280,-52,0,5,126,-50,-3,3,229,-80,2,4
0,181,-8,360,410,385,397,177,1,5,194,-45,-3,1,304,22,-3,3,356,8,2,5,218,8,-3,5,280,-47,0,5,123,-47,-3,3,231,-76,2,4
0,182,-8,352,402,377,398,182,1,5,191,-44,-3,1,301,25,-3,3,358,13,2,5,215,13,-3,5,280,-42,0,5,233,-72,2,4,246,-48,2,3
0,183,-8,344,394,369,399,187,1,5,188,-43,-3,1,298,28,-3,3,360,18,2,5,212,18,-3,5,280,-37,0,5,235,-68,2,4,248,-45,2,3
0,184,-8,336,386,361,400,192,1,5,185,-42,-3,1,295,31,-3,3,362,23,2,5,209,23,-3,5,280,-32,0,5,237,-64,2,4,250,-42,2,3
0,185,-8,328,378,353,401,197,1,5,182,-41,-3,1,292,34,-3,3,364,28,2,5,206,28,-3,5,280,-27,0,5,239,-60,2,4,252,-39,2,3
0,186,-8,320,370,345,402,202,1,5,179,-40,-3,1,289,37,-3,3,366,33,2,5,203,33,-3,5,280,-22,0,5,241,-56,2,4,254,-36,2,3
0,187,-8,312,362,337,403,207,1,5,176,-39,-3,1,286,40,-3,3,368,38,2,5,280,-17,0,5,243,-52,2,4,256,-33,2,3,324,-67,0,1
0,188,-8,304,354,329,404,212,1,5,283,43,-3,3,370,43,2,5,280,-12,0,5,245,-48,2,4,258,-30,2,3,324,-66,0,1,401,-89,-1,7
0,189,-8,296,346,321,405,217,1,5,280,46,-3,3,372,48,2,5,280,-7,0,5,247,-44,2,4,260,-27,2,3,324,-65,0,1,400,-82,-1,7
0,190,-8,288,338,313,406,222,1,5,277,49,-3,3,374,53,2,5,280,-2,0,5,249,-40,2,4,262,-24,2,3,324,-64,0,1,399,-75,-1,7
0,191,-8,280,330,305,274,52,-3,3,376,58,2,5,280,3,0,5,251,-36,2,4,264,-21,2,3,324,-63,0,1,398,-68,-1,7,216,-46,1,5
0,192,-8,272,322,297,378,63,2,5,280,8,0,5,253,-32,2,4,266,-18,2,3,324,-62,0,1,397,-61,-1,7,217,-41,1,5,71,-83,0,6
0,193,-8,264,314,289,380,68,2,5,280,13,0,5,255,-28,2,4,268,-15,2,3,324,-61,0,1,396,-54,-1,7,218,-36,1,5,71,-77,0,6
0,194,-8,256,306,281,382,73,2,5,280,18,0,5,257,-24,2,4,270,-12,2,3,324,-60,0,1,395,-47,-1,7,219,-31,1,5,71,-71,0,6
0,195,-8,248,298,273,384,78,2,5,280,23,0,5,259,-20,2,4,272,-9,2,3,324,-59,0,1,394,-40,-1,7,220,-26,1,5,71,-65,0,6
0,196,-8,240,290,265,386,83,2,5,280,28,0,5,261,-16,2,4,274,-6,2,3,324,-58,0,1,393,-33,-1,7,221,-21,1,5,71,-59,0,6
0,197,-8,232,282,257,388,88,2,5,280,33,0,5,263,-12,2,4,276,-3,2,3,324,-57,0,1,392,-26,-1,7,222,-16,1,5,71,-53,0,6
0,198,-8,224,274,249,390,93,2,5,265,-8,2,4,278,0,2,3,324,-56,0,1,391,-19,-1,7,223,-11,1,5,71,-47,0,6,321,-43,1,1
0,199,-8,216,266,241,392,98,2,5,267,-4,2,4,280,3,2,3,324,-55,0,1,390,-12,-1,7,224,-6,1,5,71,-41,0,6,322,-42,1,1
0,200,-8,208,258,233,394,103,2,5,269,0,2,4,282,6,2,3,324,-54,0,1,389,-5,-1,7,225,-1,1,5,71,-35,0,6,323,-41,1,1
0,201,-8,200,250,225,396,108,2,5,271,4,2,4,284,9,2,3,324,-53,0,1,388,2,-1,7,226,4,1,5,71,-29,0,6,324,-40,1,1
0,202,-8,192,242,217,398,113,2,5,273,8,2,4,286,12,2,3,324,-52,0,1,387,9,-1,7,227,9,1,5,71,-23,0,6,325,-39,1,1
0,203,-8,184,234,209,400,118,2,5,275,12,2,4,288,15,2,3,324,-51,0,1,386,16,-1,7,228,14,1,5,71,-17,0,6,326,-38,1,1
0,204,-8,176,226,201,277,16,2,4,290,18,2,3,324,-50,0,1,385,23,-1,7,229,19,1,5,71,-11,0,6,327,-37,1,1,51,-91,0,7
0,205,-8,168,218,193,279,20,2,4,292,21,2,3,324,-49,0,1,384,30,-1,7,230,24,1,5,71,-5,0,6,328,-36,1,1,51,-84,0,7
0,206,-8,160,210,185,281,24,2,4,294,24,2,3,324,-48,0,1,383,37,-1,7,231,29,1,5,71,1,0,6,329,-35,1,1,51,-77,0,7
0,207,-8,152,202,177,283,28,2,4,296,27,2,3,324,-47,0,1,382,44,-1,7,232,34,1,5,71,7,0,6,51,-70,0,7,115,-91,2,5
0,208,-8,144,194,169,285,32,2,4,298,30,2,3,324,-46,0,1,381,51,-1,7,233,39,1,5,71,13,0,6,51,-63,0,7,117,-86,2,5
0,209,-8,136,186,161,287,36,2,4,300,33,2,3,324,-45,0,1,380,58,-1,7,234,44,1,5,71,19,0,6,51,-56,0,7,119,-81,2,5
0,210,-8,128,178,153,289,40,2,4,302,36,2,3,324,-44,0,1,379,65,-1,7,235,49,1,5,71,25,0,6,51,-49,0,7,121,-76,2,5
0,211,-8,120,170,145,291,44,2,4,304,39,2,3,378,72,-1,7,236,54,1,5,71,31,0,6,51,-42,0,7,123,-71,2,5,283,-53,-1,7
0,212,-8,112,162,137,293,48,2,4,306,42,2,3,377,79,-1,7,237,59,1,5,71,37,0,6,51,-35,0,7,125,-66,2,5,282,-46,-1,7
0,213,-8,104,154,129,295,52,2,4,308,45,2,3,376,86,-1,7,238,64,1,5,71,43,0,6,51,-28,0,7,127,-61,2,5,281,-39,-1,7
0,214,-8,96,146,121,297,56,2,4,310,48,2,3,239,69,1,5,71,49,0,6,51,-21,0,7,129,-56,2,5,280,-32,-1,7,246,-93,2,7
0,215,-8,88,138,113,299,60,2,4,312,51,2,3,240,74,1,5,71,55,0,6,51,-14,0,7,131,-51,2,5,279,-25,-1,7,248,-86,2,7
0,216,-8,80,130,105,301,64,2,4,314,54,2,3,241,79,1,5,71,61,0,6,51,-7,0,7,133,-46,2,5,278,-18,-1,7,250,-79,2,7
0,217,-8,72,122,97,303,68,2,4,316,57,2,3,242,84,1,5,71,67,0,6,51,0,0,7,135,-41,2,5,277,-11,-1,7,252,-72,2,7
0,218,-8,64,114,89,305,72,2,4,318,60,2,3,243,89,1,5,71,73,0,6,51,7,0,7,137,-36,2,5,276,-4,-1,7,254,-65,2,7
0,219,-8,56,106,81,307,76,2,4,320,63,2,3,244,94,1,5,71,79,0,6,51,14,0,7,139,-31,2,5,275,3,-1,7,256,-58,2,7
0,220,-8,48,98,73,309,80,2,4,322,66,2,3,245,99,1,5,71,85,0,6,51,21,0,7,141,-26,2,5,274,10,-1,7,258,-51,2,7
0,221,-8,40,90,65,311,84,2,4,324,69,2,3,246,104,1,5,71,91,0,6,51,28,0,7,143,-21,2,5,273,17,-1,7,260,-44,2,7
0,222,-8,32,82,57,313,88,2,4,247,109,1,5,71,97,0,6,51,35,0,7,145,-16,2,5,272,24,-1,7,262,-37,2,7,67,-77,-3,2
0,223,-8,24,74,49,248,114,1,5,71,103,0,6,51,42,0,7,147,-11,2,5,271,31,-1,7,264,-30,2,7,64,-75,-3,2,337,-42,2,5
0,224,-8,16,66,41,249,119,1,5,71,109,0,6,51,49,0,7,149,-6,2,5,270,38,-1,7,266,-23,2,7,61,-73,-3,2,339,-37,2,5
3,225,0,16,66,41,250,124,1,5,71,115,0,6,51,56,0,7,151,-1,2,5,269,45,-1,7,268,-16,2,7,58,-71,-3,2,341,-32,2,5
2,226,0,16,66,41,71,121,0,6,51,63,0,7,153,4,2,5,268,52,-1,7,270,-9,2,7,55,-69,-3,2,343,-27,2,5,272,-99,2,1
2,227,0,16,66,41,71,127,0,6,51,70,0,7,155,9,2,5,267,59,-1,7,272,-2,2,7,52,-67,-3,2,345,-22,2,5,274,-98,2,1
1,228,8,24,74,49,71,133,0,6,51,77,0,7,157,14,2,5,266,66,-1,7,274,5,2,7,49,-65,-3,2,276,-97,2,1,294,-48,-1,7
1,229,8,32,82,57,71,139,0,6,51,84,0,7,159,19,2,5,265,73,-1,7,276,12,2,7,46,-63,-3,2,278,-96,2,1,293,-41,-1,7
1,230,8,40,90,65,71,145,0,6,51,91,0,7,161,24,2,5,264,80,-1,7,278,19,2,7,43,-61,-3,2,280,-95,2,1,292,-34,-1,7
1,231,8,48,98,73,71,151,0,6,51,98,0,7,163,29,2,5,263,87,-1,7,280,26,2,7,40,-59,-3,2,282,-94,2,1,291,-27,-1,7
1,232,8,56,106,81,71,157,0,6,51,105,0,7,165,34,2,5,262,94,-1,7,37,-57,-3,2,284,-93,2,1,290,-20,-1,7,395,-60,0,4
1,233,8,64,114,89,71,163,0,6,51,112,0,7,167,39,2,5,34,-55,-3,2,286,-92,2,1,289,-13,-1,7,395,-56,0,4,55,-47,2,6
1,234,8,72,122,97,71,169,0,6,51,119,0,7,169,44,2,5,31,-53,-3,2,288,-91,2,1,288,-6,-1,7,395,-52,0,4,57,-41,2,6
1,235,8,80,130,105,71,175,0,6,51,126,0,7,171,49,2,5,28,-51,-3,2,290,-90,2,1,287,1,-1,7,395,-48,0,4,59,-35,2,6
1,236,8,88,138,113,71,181,0,6,51,133,0,7,173,54,2,5,25,-49,-3,2,292,-89,2,1,286,8,-1,7,395,-44,0,4,61,-29,2,6
1,237,8,96,146,121,71,187,0,6,51,140,0,7,175,59,2,5,22,-47,-3,2,294,-88,2,1,285,15,-1,7,395,-40,0,4,63,-23,2,6
1,238,8,104,154,129,71,193,0,6,51,147,0,7,177,64,2,5,19,-45,-3,2,296,-87,2,1,284,22,-1,7,395,-36,0,4,65,-17,2,6
1,239,8,112,162,137,71,199,0,6,51,154,0,7,179,69,2,5,16,-43,-3,2,298,-86,2,1,283,29,-1,7,395,-32,0,4,67,-11,2,6
1,240,8,120,170,145,71,205,0,6,51,161,0,7,181,74,2,5,13,-41,-3,2,300,-85,2,1,282,36,-1,7,395,-28,0,4,69,-5,2,6
1,241,8,128,178,153,51,168,0,7,10,-39,-3,2,302,-84,2,1,281,43,-1,7,395,-24,0,4,71,1,2,6,13,-48,1,1,234,-81,-1,1
1,242,8,136,186,161,51,175,0,7,7,-37,-3,2,304,-83,2,1,280,50,-1,7,395,-20,0,4,73,7,2,6,14,-47,1,1,233,-80,-1,1
1,243,8,144,194,169,51,182,0,7,4,-35,-3,2,306,-82,2,1,279,57,-1,7,395,-16,0,4,75,13,2,6,15,-46,1,1,232,-79,-1,1
1,244,8,152,202,177,51,189,0,7,1,-33,-3,2,308,-81,2,1,278,64,-1,7,395,-12,0,4,77,19,2,6,16,-45,1,1,231,-78,-1,1
1,245,8,160,210,185,-2,-31,-3,2,310,-80,2,1,277,71,-1,7,395,-8,0,4,79,25,2,6,17,-44,1,1,230,-77,-1,1,359,-53,-2,5
1,246,8,168,218,193,-5,-29,-3,2,312,-79,2,1,276,78,-1,7,395,-4,0,4,81,31,2,6,18,-43,1,1,229,-76,-1,1,357,-48,-2,5
1,247,8,176,226,201,-8,-27,-3,2,314,-78,2,1,275,85,-1,7,395,0,0,4,83,37,2,6,19,-42,1,1,228,-75,-1,1,355,-43,-2,5
1,248,8,184,234,209,-11,-25,-3,2,316,-77,2,1,274,92,-1,7,395,4,0,4,85,43,2,6,20,-41,1,1,227,-74,-1,1,353,-38,-2,5
1,249,8,192,242,217,-14,-23,-3,2,318,-76,2,1,273,99,-1,7,395,8,0,4,87,49,2,6,21,-40,1,1,226,-73,-1,1,351,-33,-2,5
1,250,8,200,250,225,-17,-21,-3,2,320,-75,2,1,272,106,-1,7,395,12,0,4,89,55,2,6,22,-39,1,1,225,-72,-1,1,349,-28,-2,5
1,251,8,208,258,233,-20,-19,-3,2,322,-74,2,1,271,113,-1,7,395,16,0,4,91,61,2,6,23,-38,1,1,224,-71,-1,1,347,-23,-2,5
1,252,8,216,266,241,-23,-17,-3,2,324,-73,2,1,270,120,-1,7,395,20,0,4,24,-37,1,1,345,-18,-2,5,359,-92,-2,3,263,-83,-1,2
1,253,8,224,274,249,198,-51,-3,5,326,-72,2,1,269,127,-1,7,395,24,0,4,25,-36,1,1,343,-13,-2,5,357,-89,-2,3,262,-81,-1,2
1,254,8,232,282,257,195,-46,-3,5,328,-71,2,1,268,134,-1,7,395,28,0,4,26,-35,1,1,341,-8,-2,5,355,-86,-2,3,261,-79,-1,2
1,255,8,240,290,265,192,-41,-3,5,330,-70,2,1,267,141,-1,7,395,32,0,4,27,-34,1,1,339,-3,-2,5,353,-83,-2,3,260,-77,-1,2
1,256,8,248,298,273,332,-69,2,1,266,148,-1,7,395,36,0,4,28,-33,1,1,337,2,-2,5,351,-80,-2,3,259,-75,-1,2,357,-42,1,6
1,257,8,256,306,281,334,-68,2,1,265,155,-1,7,395,40,0,4,29,-32,1,1,335,7,-2,5,349,-77,-2,3,258,-73,-1,2,358,-36,1,6
1,258,8,264,314,289,336,-67,2,1,264,162,-1,7,395,44,0,4,30,-31,1,1,333,12,-2,5,347,-74,-2,3,257,-71,-1,2,359,-30,1,6
1,259,8,272,322,297,338,-66,2,1,263,169,-1,7,395,48,0,4,31,-30,1,1,331,17,-2,5,345,-71,-2,3,256,-69,-1,2,360,-24,1,6
1,260,8,280,330,305,340,-65,2,1,262,176,-1,7,395,52,0,4,32,-29,1,1,329,22,-2,5,343,-68,-2,3,255,-67,-1,2,361,-18,1,6
1,261,8,288,338,313,342,-64,2,1,261,183,-1,7,395,56,0,4,33,-28,1,1,327,27,-2,5,341,-65,-2,3,254,-65,-1,2,362,-12,1,6
1,262,8,296,346,321,344,-63,2,1,260,190,-1,7,395,60,0,4,34,-27,1,1,325,32,-2,5,339,-62,-2,3,253,-63,-1,2,363,-6,1,6
1,263,8,304,354,329,346,-62,2,1,259,197,-1,7,395,64,0,4,35,-26,1,1,323,37,-2,5,337,-59,-2,3,252,-61,-1,2,364,0,1,6
1,264,8,312,362,337,348,-61,2,1,258,204,-1,7,395,68,0,4,36,-25,1,1,321,42,-2,5,335,-56,-2,3,251,-59,-1,2,365,6,1,6
1,265,8,320,370,345,350,-60,2,1,257,211,-1,7,395,72,0,4,37,-24,1,1,319,47,-2,5,333,-53,-2,3,250,-57,-1,2,366,12,1,6
1,266,8,328,378,353,352,-59,2,1,256,218,-1,7,395,76,0,4,38,-23,1,1,317,52,-2,5,331,-50,-2,3,249,-55,-1,2,367,18,1,6
1,267,8,336,386,361,354,-58,2,1,255,225,-1,7,395,80,0,4,39,-22,1,1,315,57,-2,5,329,-47,-2,3,248,-53,-1,2,368,24,1,6
1,268,8,344,394,369,356,-57,2,1,254,232,-1,7,395,84,0,4,40,-21,1,1,313,62,-2,5,327,-44,-2,3,247,-51,-1,2,369,30,1,6
1,269,8,352,402,377,358,-56,2,1,253,239,-1,7,395,88,0,4,41,-20,1,1,311,67,-2,5,325,-41,-2,3,246,-49,-1,2,370,36,1,6
1,270,8,360,410,385,360,-55,2,1,252,246,-1,7,395,92,0,4,309,72,-2,5,323,-38,-2,3,245,-47,-1,2,371,42,1,6,129,-92,-1,1
1,271,8,368,418,393,362,-54,2,1,251,253,-1,7,395,96,0,4,307,77,-2,5,321,-35,-2,3,244,-45,-1,2,372,48,1,6,128,-91,-1,1
1,272,8,376,426,401,364,-53,2,1,250,260,-1,7,395,100,0,4,305,82,-2,5,319,-32,-2,3,243,-43,-1,2,373,54,1,6,127,-90,-1,1
3,273,0,376,426,401,366,-52,2,1,395,104,0,4,303,87,-2,5,317,-29,-2,3,242,-41,-1,2,374,60,1,6,126,-89,-1,1,121,-89,1,2
2,274,0,376,426,401,368,-51,2,1,395,108,0,4,301,92,-2,5,315,-26,-2,3,241,-39,-1,2,375,66,1,6,125,-88,-1,1,122,-87,1,2
2,275,0,376,426,401,370,-50,2,1,395,112,0,4,299,97,-2,5,313,-23,-2,3,240,-37,-1,2,376,72,1,6,124,-87,-1,1,123,-85,1,2
3,276,0,376,426,401,372,-49,2,1,395,116,0,4,297,102,-2,5,311,-20,-2,3,239,-35,-1,2,377,78,1,6,123,-86,-1,1,124,-83,1,2
2,277,0,376,426,401,374,-48,2,1,395,120,0,4,295,107,-2,5,309,-17,-2,3,238,-33,-1,2,378,84,1,6,122,-85,-1,1,125,-81,1,2
0,278,-8,368,418,393,376,-47,2,1,395,124,0,4,293,112,-2,5,307,-14,-2,3,237,-31,-1,2,379,90,1,6,121,-84,-1,1,126,-79,1,2
0,279,-8,360,410,385,378,-46,2,1,395,128,0,4,291,117,-2,5,305,-11,-2,3,236,-29,-1,2,380,96,1,6,120,-83,-1,1,127,-77,1,2
0,280,-8,352,402,377,380,-45,2,1,395,132,0,4,289,122,-2,5,303,-8,-2,3,235,-27,-1,2,381,102,1,6,119,-82,-1,1,128,-75,1,2
0,281,-8,344,394,369,382,-44,2,1,395,136,0,4,287,127,-2,5,301,-5,-2,3,234,-25,-1,2,382,108,1,6,118,-81,-1,1,129,-73,1,2
0,282,-8,336,386,361,384,-43,2,1,395,140,0,4,285,132,-2,5,299,-2,-2,3,233,-23,-1,2,383,114,1,6,117,-80,-1,1,130,-71,1,2
0,283,-8,328,378,353,386,-42,2,1,395,144,0,4,283,137,-2,5,297,1,-2,3,232,-21,-1,2,384,120,1,6,116,-79,-1,1,131,-69,1,2
0,284,-8,320,370,345,388,-41,2,1,395,148,0,4,281,142,-2,5,295,4,-2,3,231,-19,-1,2,385,126,1,6,115,-78,-1,1,132,-67,1,2
0,285,-8,312,362,337,390,-40,2,1,395,152,0,4,279,147,-2,5,293,7,-2,3,230,-17,-1,2,386,132,1,6,114,-77,-1,1,133,-65,1,2
0,286,-8,304,354,329,392,-39,2,1,395,156,0,4,277,152,-2,5,291,10,-2,3,229,-15,-1,2,387,138,1,6,113,-76,-1,1,134,-63,1,2
0,287,-8,296,346,321,394,-38,2,1,395,160,0,4,289,13,-2,3,228,-13,-1,2,388,144,1,6,112,-75,-1,1,135,-61,1,2,7,-67,1,7
0,288,-8,288,338,313,396,-37,2,1,395,164,0,4,287,16,-2,3,227,-11,-1,2,389,150,1,6,111,-74,-1,1,136,-59,1,2,8,-60,1,7
0,289,-8,280,330,305,398,-36,2,1,395,168,0,4,285,19,-2,3,226,-9,-1,2,390,156,1,6,137,-57,1,2,9,-53,1,7,258,-89,-1,2
0,290,-8,272,322,297,400,-35,2,1,395,172,0,4,283,22,-2,3,225,-7,-1,2,391,162,1,6,138,-55,1,2,10,-46,1,7,257,-87,-1,2
0,291,-8,264,314,289,402,-34,2,1,395,176,0,4,281,25,-2,3,224,-5,-1,2,392,168,1,6,11,-39,1,7,256,-85,-1,2,304,-87,-2,3
0,292,-8,256,306,281,404,-33,2,1,395,180,0,4,279,28,-2,3,223,-3,-1,2,393,174,1,6,12,-32,1,7,255,-83,-1,2,302,-84,-2,3
0,293,-8,248,298,273,406,-32,2,1,395,184,0,4,277,31,-2,3,222,-1,-1,2,394,180,1,6,13,-25,1,7,254,-81,-1,2,300,-81,-2,3
0,294,-8,240,290,265,408,-31,2,1,395,188,0,4,275,34,-2,3,221,1,-1,2,395,186,1,6,14,-18,1,7,253,-79,-1,2,298,-78,-2,3
0,295,-8,232,282,257,410,-30,2,1,395,192,0,4,273,37,-2,3,396,192,1,6,15,-11,1,7,252,-77,-1,2,296,-75,-2,3,161,-56,2,1
0,296,-8,224,274,249,412,-29,2,1,395,196,0,4,271,40,-2,3,397,198,1,6,16,-4,1,7,251,-75,-1,2,294,-72,-2,3,177,-97,0,4
0,297,-8,216,266,241,414,-28,2,1,395,200,0,4,269,43,-2,3,398,204,1,6,17,3,1,7,250,-73,-1,2,292,-69,-2,3,177,-93,0,4
0,298,-8,208,258,233,416,-27,2,1,395,204,0,4,267,46,-2,3,18,10,1,7,249,-71,-1,2,290,-66,-2,3,177,-89,0,4,353,-54,-1,1
0,299,-8,200,250,225,418,-26,2,1,395,208,0,4,265,49,-2,3,19,17,1,7,248,-69,-1,2,288,-63,-2,3,177,-85,0,4,352,-53,-1,1
0,300,-8,192,242,217,420,-25,2,1,395,212,0,4,263,52,-2,3,20,24,1,7,247,-67,-1,2,286,-60,-2,3,351,-52,-1,1,122,-73,-1,6
0,301,-8,184,234,209,422,-24,2,1,21,31,1,7,246,-65,-1,2,284,-57,-2,3,350,-51,-1,1,121,-67,-1,6,140,-84,-1,6,335,-89,0,5
0,302,-8,176,226,201,424,-23,2,1,22,38,1,7,245,-63,-1,2,282,-54,-2,3,349,-50,-1,1,120,-61,-1,6,139,-78,-1,6,335,-84,0,5
0,303,-8,168,218,193,426,-22,2,1,23,45,1,7,244,-61,-1,2,280,-51,-2,3,348,-49,-1,1,119,-55,-1,6,138,-72,-1,6,335,-79,0,5
0,304,-8,160,210,185,428,-21,2,1,24,52,1,7,243,-59,-1,2,278,-48,-2,3,347,-48,-1,1,118,-49,-1,6,137,-66,-1,6,335,-74,0,5
0,305,-8,152,202,177,430,-20,2,1,25,59,1,7,242,-57,-1,2,276,-45,-2,3,346,-47,-1,1,117,-43,-1,6,136,-60,-1,6,335,-69,0,5
0,306,-8,144,194,169,432,-19,2,1,26,66,1,7,241,-55,-1,2,274,-42,-2,3,345,-46,-1,1,116,-37,-1,6,135,-54,-1,6,335,-64,0,5
0,307,-8,136,186,161,434,-18,2,1,27,73,1,7,240,-53,-1,2,272,-39,-2,3,344,-45,-1,1,115,-31,-1,6,134,-48,-1,6,335,-59,0,5
0,308,-8,128,178,153,436,-17,2,1,28,80,1,7,239,-51,-1,2,270,-36,-2,3,343,-44,-1,1,114,-25,-1,6,133,-42,-1,6,335,-54,0,5
0,309,-8,120,170,145,438,-16,2,1,29,87,1,7,238,-49,-1,2,268,-33,-2,3,342,-43,-1,1,113,-19,-1,6,132,-36,-1,6,335,-49,0,5
0,310,-8,112,162,137,440,-15,2,1,30,94,1,7,237,-47,-1,2,266,-30,-2,3,341,-42,-1,1,112,-13,-1,6,131,-30,-1,6,335,-44,0,5
0,311,-8,104,154,129,442,-14,2,1,31,101,1,7,236,-45,-1,2,264,-27,-2,3,340,-41,-1,1,111,-7,-1,6,130,-24,-1,6,335,-39,0,5
0,312,-8,96,146,121,444,-13,2,1,32,108,1,7,235,-43,-1,2,262,-24,-2,3,339,-40,-1,1,110,-1,-1,6,129,-18,-1,6,127,-52,-1,3
0,313,-8,88,138,113,446,-12,2,1,33,115,1,7,234,-41,-1,2,260,-21,-2,3,338,-39,-1,1,109,5,-1,6,128,-12,-1,6,126,-49,-1,3
0,314,-8,80,130,105,448,-11,2,1,34,122,1,7,233,-39,-1,2,258,-18,-2,3,337,-38,-1,1,108,11,-1,6,127,-6,-1,6,125,-46,-1,3
0,315,-8,72,122,97,450,-10,2,1,35,129,1,7,232,-37,-1,2,256,-15,-2,3,336,-37,-1,1,107,17,-1,6,126,0,-1,6,124,-43,-1,3
0,316,-8,64,114,89,452,-9,2,1,36,136,1,7,231,-35,-1,2,254,-12,-2,3,106,23,-1,6,125,6,-1,6,123,-40,-1,3,197,-44,1,5
0,317,-8,56,106,81,454,-8,2,1,37,143,1,7,230,-33,-1,2,252,-9,-2,3,105,29,-1,6,124,12,-1,6,122,-37,-1,3,198,-39,1,5
0,318,-8,48,98,73,456,-7,2,1,38,150,1,7,229,-31,-1,2,250,-6,-2,3,104,35,-1,6,123,18,-1,6,121,-34,-1,3,199,-34,1,5
0,319,-8,40,90,65,117,-88,2,3,39,157,1,7,228,-29,-1,2,248,-3,-2,3,103,41,-1,6,122,24,-1,6,120,-31,-1,3,200,-29,1,5
0,320,-8,32,82,57,119,-85,2,3,40,164,1,7,227,-27,-1,2,246,0,-2,3,102,47,-1,6,121,30,-1,6,119,-28,-1,3,201,-24,1,5
0,321,-8,24,74,49,121,-82,2,3,41,171,1,7,226,-25,-1,2,244,3,-2,3,101,53,-1,6,120,36,-1,6,118,-25,-1,3,202,-19,1,5
0,322,-8,16,66,41,123,-79,2,3,42,178,1,7,225,-23,-1,2,242,6,-2,3,100,59,-1,6,119,42,-1,6,117,-22,-1,3,203,-14,1,5
0,323,-8,8,58,33,125,-76,2,3,43,185,1,7,224,-21,-1,2,240,9,-2,3,99,65,-1,6,118,48,-1,6,116,-19,-1,3,204,-9,1,5
3,324,0,8,58,33,127,-73,2,3,44,192,1,7,223,-19,-1,2,238,12,-2,3,98,71,-1,6,117,54,-1,6,115,-16,-1,3,205,-4,1,5
2,325,0,8,58,33,129,-70,2,3,45,199,1,7,222,-17,-1,2,236,15,-2,3,97,77,-1,6,116,60,-1,6,114,-13,-1,3,206,1,1,5
2,326,0,8,58,33,131,-67,2,3,46,206,1,7,221,-15,-1,2,234,18,-2,3,96,83,-1,6,115,66,-1,6,113,-10,-1,3,207,6,1,5
3,327,0,8,58,33,133,-64,2,3,47,213,1,7,220,-13,-1,2,232,21,-2,3,95,89,-1,6,114,72,-1,6,112,-7,-1,3,208,11,1,5
2,328,0,8,58,33,135,-61,2,3,48,220,1,7,219,-11,-1,2,230,24,-2,3,94,95,-1,6,113,78,-1,6,111,-4,-1,3,209,16,1,5
1,329,8,16,66,41,137,-58,2,3,49,227,1,7,218,-9,-1,2,228,27,-2,3,93,101,-1,6,112,84,-1,6,110,-1,-1,3,210,21,1,5
1,330,8,24,74,49,139,-55,2,3,50,234,1,7,217,-7,-1,2,226,30,-2,3,92,107,-1,6,111,90,-1,6,109,2,-1,3,211,26,1,5
1,331,8,32,82,57,141,-52,2,3,51,241,1,7,216,-5,-1,2,224,33,-2,3,91,113,-1,6,110,96,-1,6,108,5,-1,3,212,31,1,5
1,332,8,40,90,65,143,-49,2,3,52,248,1,7,215,-3,-1,2,222,36,-2,3,90,119,-1,6,109,102,-1,6,107,8,-1,3,213,36,1,5
1,333,8,48,98,73,145,-46,2,3,53,255,1,7,214,-1,-1,2,220,39,-2,3,89,125,-1,6,108,108,-1,6,106,11,-1,3,214,41,1,5
1,334,8,56,106,81,147,-43,2,3,54,262,1,7,213,1,-1,2,218,42,-2,3,88,131,-1,6,107,114,-1,6,105,14,-1,3,215,46,1,5
1,335,8,64,114,89,149,-40,2,3,212,3,-1,2,216,45,-2,3,87,137,-1,6,106,120,-1,6,104,17,-1,3,216,51,1,5,238,-77,-3,5
1,336,8,72,122,97,151,-37,2,3,211,5,-1,2,214,48,-2,3,86,143,-1,6,105,126,-1,6,103,20,-1,3,235,-72,-3,5,185,-77,-3,4
1,337,8,80,130,105,153,-34,2,3,210,7,-1,2,212,51,-2,3,85,149,-1,6,104,132,-1,6,102,23,-1,3,232,-67,-3,5,182,-73,-3,4
1,338,8,88,138,113,155,-31,2,3,209,9,-1,2,210,54,-2,3,84,155,-1,6,103,138,-1,6,101,26,-1,3,229,-62,-3,5,179,-69,-3,4
1,339,8,96,146,121,157,-28,2,3,208,11,-1,2,208,57,-2,3,83,161,-1,6,102,144,-1,6,100,29,-1,3,226,-57,-3,5,176,-65,-3,4
1,340,8,104,154,129,159,-25,2,3,207,13,-1,2,82,167,-1,6,101,150,-1,6,99,32,-1,3,223,-52,-3,5,173,-61,-3,4,393,-42,-3,1
1,341,8,112,162,137,161,-22,2,3,206,15,-1,2,81,173,-1,6,100,156,-1,6,98,35,-1,3,220,-47,-3,5,170,-57,-3,4,390,-41,-3,1
1,342,8,120,170,145,163,-19,2,3,205,17,-1,2,80,179,-1,6,99,162,-1,6,97,38,-1,3,217,-42,-3,5,167,-53,-3,4,387,-40,-3,1
1,343,8,128,178,153,165,-16,2,3,204,19,-1,2,79,185,-1,6,98,168,-1,6,96,41,-1,3,214,-37,-3,5,164,-49,-3,4,384,-39,-3,1
1,344,8,136,186,161,167,-13,2,3,203,21,-1,2,78,191,-1,6,97,174,-1,6,95,44,-1,3,211,-32,-3,5,161,-45,-3,4,381,-38,-3,1
1,345,8,144,194,169,169,-10,2,3,202,23,-1,2,96,180,-1,6,94,47,-1,3,208,-27,-3,5,158,-41,-3,4,378,-37,-3,1,406,-67,-3,6
1,346,8,152,202,177,171,-7,2,3,201,25,-1,2,95,186,-1,6,93,50,-1,3,205,-22,-3,5,155,-37,-3,4,375,-36,-3,1,403,-61,-3,6
1,347,8,160,210,185,173,-4,2,3,200,27,-1,2,94,192,-1,6,92,53,-1,3,202,-17,-3,5,152,-33,-3,4,372,-35,-3,1,400,-55,-3,6
1,348,8,168,218,193,175,-1,2,3,199,29,-1,2,93,198,-1,6,91,56,-1,3,199,-12,-3,5,149,-29,-3,4,369,-34,-3,1,397,-49,-3,6
1,349,8,176,226,201,177,2,2,3,198,31,-1,2,92,204,-1,6,90,59,-1,3,196,-7,-3,5,146,-25,-3,4,366,-33,-3,1,394,-43,-3,6
1,350,8,184,234,209,197,33,-1,2,91,210,-1,6,89,62,-1,3,193,-2,-3,5,143,-21,-3,4,363,-32,-3,1,391,-37,-3,6,32,-50,1,6
1,351,8,192,242,217,196,35,-1,2,90,216,-1,6,88,65,-1,3,190,3,-3,5,140,-17,-3,4,360,-31,-3,1,388,-31,-3,6,33,-44,1,6
1,352,8,200,250,225,195,37,-1,2,89,222,-1,6,87,68,-1,3,187,8,-3,5,137,-13,-3,4,357,-30,-3,1,385,-25,-3,6,34,-38,1,6
1,353,8,208,258,233,194,39,-1,2,88,228,-1,6,86,71,-1,3,184,13,-3,5,134,-9,-3,4,354,-29,-3,1,382,-19,-3,6,35,-32,1,6
1,354,8,216,266,241,193,41,-1,2,87,234,-1,6,85,74,-1,3,181,18,-3,5,131,-5,-3,4,351,-28,-3,1,379,-13,-3,6,36,-26,1,6
1,355,8,224,274,249,192,43,-1,2,86,240,-1,6,84,77,-1,3,178,23,-3,5,128,-1,-3,4,348,-27,-3,1,376,-7,-3,6,37,-20,1,6
1,356,8,232,282,257,191,45,-1,2,83,80,-1,3,175,28,-3,5,125,3,-3,4,345,-26,-3,1,373,-1,-3,6,38,-14,1,6,228,-53,2,7
1,357,8,240,290,265,190,47,-1,2,82,83,-1,3,172,33,-3,5,122,7,-3,4,342,-25,-3,1,370,5,-3,6,39,-8,1,6,230,-46,2,7
1,358,8,248,298,273,189,49,-1,2,81,86,-1,3,169,38,-3,5,119,11,-3,4,339,-24,-3,1,367,11,-3,6,40,-2,1,6,232,-39,2,7
1,359,8,256,306,281,188,51,-1,2,80,89,-1,3,166,43,-3,5,116,15,-3,4,336,-23,-3,1,364,17,-3,6,41,4,1,6,234,-32,2,7
1,360,8,264,314,289,187,53,-1,2,79,92,-1,3,163,48,-3,5,113,19,-3,4,333,-22,-3,1,361,23,-3,6,42,10,1,6,236,-25,2,7
1,361,8,272,322,297,186,55,-1,2,78,95,-1,3,160,53,-3,5,110,23,-3,4,330,-21,-3,1,358,29,-3,6,43,16,1,6,238,-18,2,7
1,362,8,280,330,305,185,57,-1,2,77,98,-1,3,157,58,-3,5,107,27,-3,4,327,-20,-3,1,355,35,-3,6,44,22,1,6,240,-11,2,7
1,363,8,288,338,313,184,59,-1,2,76,101,-1,3,154,63,-3,5,104,31,-3,4,324,-19,-3,1,352,41,-3,6,45,28,1,6,242,-4,2,7
1,364,8,296,346,321,183,61,-1,2,75,104,-1,3,151,68,-3,5,101,35,-3,4,321,-18,-3,1,349,47,-3,6,244,3,2,7,210,-94,2,4
1,365,8,304,354,329,182,63,-1,2,74,107,-1,3,148,73,-3,5,98,39,-3,4,318,-17,-3,1,346,53,-3,6,246,10,2,7,212,-90,2,4
1,366,8,312,362,337,181,65,-1,2,73,110,-1,3,145,78,-3,5,95,43,-3,4,315,-16,-3,1,343,59,-3,6,248,17,2,7,214,-86,2,4
1,367,8,320,370,345,180,67,-1,2,72,113,-1,3,142,83,-3,5,92,47,-3,4,312,-15,-3,1,340,65,-3,6,250,24,2,7,216,-82,2,4
1,368,8,328,378,353,179,69,-1,2,71,116,-1,3,139,88,-3,5,89,51,-3,4,309,-14,-3,1,337,71,-3,6,252,31,2,7,218,-78,2,4
1,369,8,336,386,361,178,71,-1,2,70,119,-1,3,136,93,-3,5,86,55,-3,4,306,-13,-3,1,334,77,-3,6,254,38,2,7,220,-74,2,4
1,370,8,344,394,369,177,73,-1,2,69,122,-1,3,133,98,-3,5,83,59,-3,4,303,-12,-3,1,331,83,-3,6,256,45,2,7,222,-70,2,4
1,371,8,352,402,377,176,75,-1,2,68,125,-1,3,130,103,-3,5,80,63,-3,4,300,-11,-3,1,328,89,-3,6,258,52,2,7,224,-66,2,4
1,372,8,360,410,385,175,77,-1,2,127,108,-3,5,77,67,-3,4,297,-10,-3,1,325,95,-3,6,260,59,2,7,226,-62,2,4,113,-63,-3,7
1,373,8,368,418,393,174,79,-1,2,124,113,-3,5,74,71,-3,4,294,-9,-3,1,322,101,-3,6,262,66,2,7,228,-58,2,4,110,-56,-3,7
1,374,8,376,426,401,173,81,-1,2,121,118,-3,5,71,75,-3,4,291,-8,-3,1,319,107,-3,6,264,73,2,7,230,-54,2,4,107,-49,-3,7
1,375,8,384,434,409,172,83,-1,2,118,123,-3,5,68,79,-3,4,288,-7,-3,1,316,113,-3,6,266,80,2,7,232,-50,2,4,104,-42,-3,7
2,376,0,384,434,409,171,85,-1,2,65,83,-3,4,285,-6,-3,1,313,119,-3,6,268,87,2,7,234,-46,2,4,101,-35,-3,7,335,-71,1,7
2,377,0,384,434,409,170,87,-1,2,282,-5,-3,1,310,125,-3,6,270,94,2,7,236,-42,2,4,98,-28,-3,7,336,-64,1,7,4,-51,-3,5
3,378,0,384,434,409,169,89,-1,2,279,-4,-3,1,307,131,-3,6,272,101,2,7,238,-38,2,4,95,-21,-3,7,337,-57,1,7,403,-100,-2,1
0,379,-8,376,426,401,168,91,-1,2,276,-3,-3,1,304,137,-3,6,274,108,2,7,240,-34,2,4,92,-14,-3,7,338,-50,1,7,401,-99,-2,1
0,380,-8,368,418,393,167,93,-1,2,273,-2,-3,1,301,143,-3,6,276,115,2,7,242,-30,2,4,89,-7,-3,7,339,-43,1,7,399,-98,-2,1
0,381,-8,360,410,385,166,95,-1,2,270,-1,-3,1,298,149,-3,6,278,122,2,7,244,-26,2,4,86,0,-3,7,340,-36,1,7,397,-97,-2,1
0,382,-8,352,402,377,267,0,-3,1,295,155,-3,6,280,129,2,7,246,-22,2,4,83,7,-3,7,341,-29,1,7,395,-96,-2,1,127,-44,0,1
0,383,-8,344,394,369,264,1,-3,1,292,161,-3,6,282,136,2,7,248,-18,2,4,80,14,-3,7,342,-22,1,7,393,-95,-2,1,127,-43,0,1
0,384,-8,336,386,361,261,2,-3,1,289,167,-3,6,284,143,2,7,250,-14,2,4,77,21,-3,7,343,-15,1,7,391,-94,-2,1,127,-42,0,1
0,385,-8,328,378,353,258,3,-3,1,286,173,-3,6,286,150,2,7,252,-10,2,4,74,28,-3,7,344,-8,1,7,389,-93,-2,1,127,-41,0,1
0,386,-8,320,370,345,255,4,-3,1,283,179,-3,6,288,157,2,7,254,-6,2,4,71,35,-3,7,345,-1,1,7,387,-92,-2,1,127,-40,0,1
0,387,-8,312,362,337,252,5,-3,1,280,185,-3,6,290,164,2,7,256,-2,2,4,68,42,-3,7,346,6,1,7,385,-91,-2,1,127,-39,0,1
0,388,-8,304,354,329,249,6,-3,1,292,171,2,7,258,2,2,4,65,49,-3,7,347,13,1,7,383,-90,-2,1,127,-38,0,1,400,-73,0,3
0,389,-8,296,346,321,246,7,-3,1,294,178,2,7,260,6,2,4,62,56,-3,7,348,20,1,7,381,-89,-2,1,127,-37,0,1,400,-70,0,3
0,390,-8,288,338,313,243,8,-3,1,296,185,2,7,262,10,2,4,59,63,-3,7,349,27,1,7,379,-88,-2,1,127,-36,0,1,400,-67,0,3
0,391,-8,280,330,305,240,9,-3,1,264,14,2,4,56,70,-3,7,350,34,1,7,377,-87,-2,1,127,-35,0,1,400,-64,0,3,325,-60,-3,1
0,392,-8,272,322,297,237,10,-3,1,266,18,2,4,53,77,-3,7,351,41,1,7,375,-86,-2,1,127,-34,0,1,400,-61,0,3,322,-59,-3,1
0,393,-8,264,314,289,234,11,-3,1,268,22,2,4,50,84,-3,7,352,48,1,7,373,-85,-2,1,127,-33,0,1,400,-58,0,3,319,-58,-3,1
0,394,-8,256,306,281,231,12,-3,1,270,26,2,4,47,91,-3,7,353,55,1,7,371,-84,-2,1,127,-32,0,1,400,-55,0,3,316,-57,-3,1
0,395,-8,248,298,273,228,13,-3,1,272,30,2,4,44,98,-3,7,354,62,1,7,369,-83,-2,1,127,-31,0,1,400,-52,0,3,313,-56,-3,1
0,396,-8,240,290,265,225,14,-3,1,274,34,2,4,41,105,-3,7,355,69,1,7,367,-82,-2,1,127,-30,0,1,400,-49,0,3,310,-55,-3,1
0,397,-8,232,282,257,222,15,-3,1,276,38,2,4,38,112,-3,7,356,76,1,7,365,-81,-2,1,127,-29,0,1,400,-46,0,3,307,-54,-3,1
0,398,-8,224,274,249,278,42,2,4,35,119,-3,7,357,83,1,7,363,-80,-2,1,127,-28,0,1,400,-43,0,3,304,-53,-3,1,286,-57,2,3
0,399,-8,216,266,241,280,46,2,4,32,126,-3,7,358,90,1,7,361,-79,-2,1,127,-27,0,1,400,-40,0,3,301,-52,-3,1,288,-54,2,3
0,400,-8,208,258,233,282,50,2,4,29,133,-3,7,359,97,1,7,359,-78,-2,1,127,-26,0,1,400,-37,0,3,298,-51,-3,1,290,-51,2,3
0,401,-8,200,250,225,284,54,2,4,26,140,-3,7,360,104,1,7,357,-77,-2,1,127,-25,0,1,400,-34,0,3,295,-50,-3,1,292,-48,2,3
0,402,-8,192,242,217,286,58,2,4,23,147,-3,7,361,111,1,7,355,-76,-2,1,127,-24,0,1,400,-31,0,3,292,-49,-3,1,294,-45,2,3
0,403,-8,184,234,209,288,62,2,4,20,154,-3,7,362,118,1,7,353,-75,-2,1,127,-23,0,1,400,-28,0,3,289,-48,-3,1,296,-42,2,3
0,404,-8,176,226,201,290,66,2,4,17,161,-3,7,363,125,1,7,351,-74,-2,1,127,-22,0,1,400,-25,0,3,286,-47,-3,1,298,-39,2,3
0,405,-8,168,218,193,292,70,2,4,14,168,-3,7,349,-73,-2,1,127,-21,0,1,400,-22,0,3,283,-46,-3,1,300,-36,2,3,25,-60,2,5
0,406,-8,160,210,185,294,74,2,4,11,175,-3,7,347,-72,-2,1,127,-20,0,1,400,-19,0,3,280,-45,-3,1,302,-33,2,3,27,-55,2,5
0,407,-8,152,202,177,296,78,2,4,8,182,-3,7,345,-71,-2,1,127,-19,0,1,400,-16,0,3,277,-44,-3,1,304,-30,2,3,29,-50,2,5
0,408,-8,144,194,169,298,82,2,4,5,189,-3,7,343,-70,-2,1,127,-18,0,1,400,-13,0,3,274,-43,-3,1,306,-27,2,3,31,-45,2,5
0,409,-8,136,186,161,300,86,2,4,2,196,-3,7,341,-69,-2,1,127,-17,0,1,400,-10,0,3,308,-24,2,3,33,-40,2,5,390,-98,-2,6
0,410,-8,128,178,153,302,90,2,4,-1,203,-3,7,339,-68,-2,1,127,-16,0,1,400,-7,0,3,310,-21,2,3,35,-35,2,5,388,-92,-2,6
0,411,-8,120,170,145,304,94,2,4,-4,210,-3,7,337,-67,-2,1,127,-15,0,1,400,-4,0,3,312,-18,2,3,37,-30,2,5,386,-86,-2,6
0,412,-8,112,162,137,-7,217,-3,7,335,-66,-2,1,127,-14,0,1,400,-1,0,3,314,-15,2,3,39,-25,2,5,384,-80,-2,6,161,-94,-1,5
0,413,-8,104,154,129,-10,224,-3,7,333,-65,-2,1,127,-13,0,1,400,2,0,3,316,-12,2,3,41,-20,2,5,382,-74,-2,6,160,-89,-1,5
0,414,-8,96,146,121,-13,231,-3,7,331,-64,-2,1,127,-12,0,1,400,5,0,3,318,-9,2,3,43,-15,2,5,380,-68,-2,6,159,-84,-1,5
0,415,-8,88,138,113,-16,238,-3,7,329,-63,-2,1,127,-11,0,1,400,8,0,3,320,-6,2,3,45,-10,2,5,378,-62,-2,6,158,-79,-1,5
0,416,-8,80,130,105,-19,245,-3,7,327,-62,-2,1,127,-10,0,1,400,11,0,3,322,-3,2,3,47,-5,2,5,376,-56,-2,6,157,-74,-1,5
0,417,-8,72,122,97,-22,252,-3,7,325,-61,-2,1,127,-9,0,1,400,14,0,3,324,0,2,3,49,0,2,5,374,-50,-2,6,156,-69,-1,5
0,418,-8,64,114,89,-25,259,-3,7,323,-60,-2,1,127,-8,0,1,400,17,0,3,326,3,2,3,51,5,2,5,372,-44,-2,6,155,-64,-1,5
0,419,-8,56,106,81,25,-75,-3,5,321,-59,-2,1,127,-7,0,1,328,6,2,3,53,10,2,5,370,-38,-2,6,154,-59,-1,5,406,-52,-2,4
0,420,-8,48,98,73,22,-70,-3,5,319,-58,-2,1,127,-6,0,1,330,9,2,3,55,15,2,5,368,-32,-2,6,153,-54,-1,5,404,-48,-2,4
0,421,-8,40,90,65,19,-65,-3,5,317,-57,-2,1,127,-5,0,1,332,12,2,3,57,20,2,5,366,-26,-2,6,152,-49,-1,5,402,-44,-2,4
0,422,-8,32,82,57,16,-60,-3,5,315,-56,-2,1,127,-4,0,1,334,15,2,3,59,25,2,5,364,-20,-2,6,151,-44,-1,5,400,-40,-2,4
0,423,-8,24,74,49,13,-55,-3,5,313,-55,-2,1,127,-3,0,1,336,18,2,3,61,30,2,5,362,-14,-2,6,150,-39,-1,5,398,-36,-2,4
0,424,-8,16,66,41,10,-50,-3,5,311,-54,-2,1,127,-2,0,1,338,21,2,3,63,35,2,5,360,-8,-2,6,149,-34,-1,5,396,-32,-2,4
2,425,0,16,66,41,7,-45,-3,5,309,-53,-2,1,127,-1,0,1,340,24,2,3,65,40,2,5,148,-29,-1,5,394,-28,-2,4,228,-59,-1,6
2,426,0,16,66,41,4,-40,-3,5,307,-52,-2,1,127,0,0,1,67,45,2,5,147,-24,-1,5,392,-24,-2,4,227,-53,-1,6,414,-89,0,2
2,427,0,16,66,41,1,-35,-3,5,305,-51,-2,1,127,1,0,1,69,50,2,5,146,-19,-1,5,390,-20,-2,4,226,-47,-1,6,414,-87,0,2
3,428,0,16,66,41,-2,-30,-3,5,303,-50,-2,1,127,2,0,1,71,55,2,5,145,-14,-1,5,388,-16,-2,4,225,-41,-1,6,414,-85,0,2
2,429,0,16,66,41,-5,-25,-3,5,301,-49,-2,1,127,3,0,1,73,60,2,5,144,-9,-1,5,386,-12,-2,4,224,-35,-1,6,414,-83,0,2
2,430,0,16,66,41,-8,-20,-3,5,299,-48,-2,1,127,4,0,1,75,65,2,5,143,-4,-1,5,384,-8,-2,4,223,-29,-1,6,414,-81,0,2
1,431,8,24,74,49,-11,-15,-3,5,297,-47,-2,1,127,5,0,1,77,70,2,5,142,1,-1,5,382,-4,-2,4,222,-23,-1,6,414,-79,0,2
1,432,8,32,82,57,-14,-10,-3,5,295,-46,-2,1,127,6,0,1,79,75,2,5,141,6,-1,5,380,0,-2,4,221,-17,-1,6,414,-77,0,2
1,433,8,40,90,65,-17,-5,-3,5,293,-45,-2,1,127,7,0,1,81,80,2,5,140,11,-1,5,378,4,-2,4,220,-11,-1,6,414,-75,0,2
1,434,8,48,98,73,-20,0,-3,5,291,-44,-2,1,127,8,0,1,83,85,2,5,139,16,-1,5,376,8,-2,4,219,-5,-1,6,414,-73,0,2
1,435,8,56,106,81,-23,5,-3,5,289,-43,-2,1,127,9,0,1,85,90,2,5,138,21,-1,5,374,12,-2,4,218,1,-1,6,414,-71,0,2
1,436,8,64,114,89,113,-45,-3,4,287,-42,-2,1,127,10,0,1,87,95,2,5,137,26,-1,5,372,16,-2,4,217,7,-1,6,414,-69,0,2
1,437,8,72,122,97,110,-41,-3,4,285,-41,-2,1,127,11,0,1,89,100,2,5,136,31,-1,5,370,20,-2,4,216,13,-1,6,414,-67,0,2
1,438,8,80,130,105,107,-37,-3,4,283,-40,-2,1,127,12,0,1,91,105,2,5,135,36,-1,5,368,24,-2,4,215,19,-1,6,414,-65,0,2
1,439,8,88,138,113,104,-33,-3,4,281,-39,-2,1,127,13,0,1,93,110,2,5,134,41,-1,5,366,28,-2,4,214,25,-1,6,414,-63,0,2
1,440,8,96,146,121,101,-29,-3,4,279,-38,-2,1,127,14,0,1,95,115,2,5,133,46,-1,5,364,32,-2,4,414,-61,0,2,236,-47,-3,7
1,441,8,104,154,129,98,-25,-3,4,277,-37,-2,1,127,15,0,1,97,120,2,5,132,51,-1,5,362,36,-2,4,414,-59,0,2,233,-40,-3,7
1,442,8,112,162,137,95,-21,-3,4,275,-36,-2,1,127,16,0,1,99,125,2,5,131,56,-1,5,360,40,-2,4,414,-57,0,2,230,-33,-3,7
1,443,8,120,170,145,92,-17,-3,4,273,-35,-2,1,127,17,0,1,101,130,2,5,130,61,-1,5,358,44,-2,4,414,-55,0,2,227,-26,-3,7
1,444,8,128,178,153,89,-13,-3,4,127,18,0,1,103,135,2,5,129,66,-1,5,356,48,-2,4,414,-53,0,2,224,-19,-3,7,150,-93,2,7
1,445,8,136,186,161,86,-9,-3,4,127,19,0,1,128,71,-1,5,354,52,-2,4,414,-51,0,2,221,-12,-3,7,152,-86,2,7,157,-54,0,1
1,446,8,144,194,169,83,-5,-3,4,127,20,0,1,127,76,-1,5,352,56,-2,4,414,-49,0,2,218,-5,-3,7,154,-79,2,7,157,-53,0,1
1,447,8,152,202,177,80,-1,-3,4,127,21,0,1,126,81,-1,5,350,60,-2,4,414,-47,0,2,156,-72,2,7,157,-52,0,1,41,-53,0,3
1,448,8,160,210,185,77,3,-3,4,127,22,0,1,125,86,-1,5,348,64,-2,4,414,-45,0,2,158,-65,2,7,157,-51,0,1,41,-50,0,3
1,449,8,168,218,193,74,7,-3,4,127,23,0,1,124,91,-1,5,346,68,-2,4,414,-43,0,2,160,-58,2,7,157,-50,0,1,41,-47,0,3
1,450,8,176,226,201,71,11,-3,4,127,24,0,1,123,96,-1,5,344,72,-2,4,414,-41,0,2,162,-51,2,7,157,-49,0,1,41,-44,0,3
1,451,8,184,234,209,68,15,-3,4,127,25,0,1,122,101,-1,5,342,76,-2,4,414,-39,0,2,164,-44,2,7,157,-48,0,1,41,-41,0,3
1,452,8,192,242,217,65,19,-3,4,127,26,0,1,121,106,-1,5,340,80,-2,4,414,-37,0,2,166,-37,2,7,157,-47,0,1,41,-38,0,3
1,453,8,200,250,225,62,23,-3,4,127,27,0,1,120,111,-1,5,338,84,-2,4,414,-35,0,2,157,-46,0,1,41,-35,0,3,150,-97,0,1
1,454,8,208,258,233,59,27,-3,4,127,28,0,1,119,116,-1,5,336,88,-2,4,414,-33,0,2,157,-45,0,1,41,-32,0,3,150,-96,0,1
1,455,8,216,266,241,56,31,-3,4,127,29,0,1,118,121,-1,5,334,92,-2,4,414,-31,0,2,157,-44,0,1,41,-29,0,3,150,-95,0,1
1,456,8,224,274,249,53,35,-3,4,127,30,0,1,117,126,-1,5,332,96,-2,4,414,-29,0,2,157,-43,0,1,41,-26,0,3,150,-94,0,1
1,457,8,232,282,257,50,39,-3,4,127,31,0,1,116,131,-1,5,330,100,-2,4,414,-27,0,2,41,-23,0,3,150,-93,0,1,353,-49,2,7
1,458,8,240,290,265,47,43,-3,4,127,32,0,1,115,136,-1,5,328,104,-2,4,414,-25,0,2,41,-20,0,3,150,-92,0,1,355,-42,2,7
1,459,8,248,298,273,44,47,-3,4,127,33,0,1,114,141,-1,5,326,108,-2,4,414,-23,0,2,41,-17,0,3,150,-91,0,1,357,-35,2,7
1,460,8,256,306,281,41,51,-3,4,127,34,0,1,113,146,-1,5,324,112,-2,4,414,-21,0,2,41,-14,0,3,150,-90,0,1,359,-28,2,7
1,461,8,264,314,289,38,55,-3,4,127,35,0,1,112,151,-1,5,322,116,-2,4,414,-19,0,2,41,-11,0,3,150,-89,0,1,361,-21,2,7
1,462,8,272,322,297,127,36,0,1,111,156,-1,5,320,120,-2,4,414,-17,0,2,41,-8,0,3,150,-88,0,1,363,-14,2,7,223,-70,0,5
1,463,8,280,330,305,127,37,0,1,110,161,-1,5,318,124,-2,4,414,-15,0,2,41,-5,0,3,150,-87,0,1,365,-7,2,7,223,-65,0,5
1,464,8,288,338,313,127,38,0,1,109,166,-1,5,316,128,-2,4,414,-13,0,2,41,-2,0,3,150,-86,0,1,367,0,2,7,223,-60,0,5
1,465,8,296,346,321,127,39,0,1,108,171,-1,5,314,132,-2,4,414,-11,0,2,41,1,0,3,150,-85,0,1,369,7,2,7,223,-55,0,5
1,466,8,304,354,329,127,40,0,1,107,176,-1,5,312,136,-2,4,414,-9,0,2,41,4,0,3,150,-84,0,1,371,14,2,7,223,-50,0,5
1,467,8,312,362,337,127,41,0,1,310,140,-2,4,414,-7,0,2,41,7,0,3,150,-83,0,1,373,21,2,7,223,-45,0,5,30,-100,0,7
1,468,8,320,370,345,127,42,0,1,308,144,-2,4,414,-5,0,2,41,10,0,3,150,-82,0,1,375,28,2,7,223,-40,0,5,30,-93,0,7
1,469,8,328,378,353,127,43,0,1,306,148,-2,4,414,-3,0,2,150,-81,0,1,377,35,2,7,223,-35,0,5,30,-86,0,7,421,-50,-2,2
1,470,8,336,386,361,127,44,0,1,304,152,-2,4,414,-1,0,2,150,-80,0,1,379,42,2,7,223,-30,0,5,30,-79,0,7,419,-48,-2,2
1,471,8,344,394,369,127,45,0,1,302,156,-2,4,414,1,0,2,150,-79,0,1,381,49,2,7,223,-25,0,5,30,-72,0,7,417,-46,-2,2
1,472,8,352,402,377,127,46,0,1,300,160,-2,4,414,3,0,2,150,-78,0,1,383,56,2,7,223,-20,0,5,30,-65,0,7,415,-44,-2,2
1,473,8,360,410,385,127,47,0,1,298,164,-2,4,414,5,0,2,150,-77,0,1,385,63,2,7,223,-15,0,5,30,-58,0,7,413,-42,-2,2
1,474,8,368,418,393,127,48,0,1,296,168,-2,4,414,7,0,2,150,-76,0,1,387,70,2,7,223,-10,0,5,30,-51,0,7,411,-40,-2,2
1,475,8,376,426,401,127,49,0,1,294,172,-2,4,414,9,0,2,150,-75,0,1,389,77,2,7,223,-5,0,5,30,-44,0,7,409,-38,-2,2
1,476,8,384,434,409,127,50,0,1,292,176,-2,4,414,11,0,2,150,-74,0,1,391,84,2,7,223,0,0,5,30,-37,0,7,407,-36,-2,2
1,477,8,392,442,417,127,51,0,1,290,180,-2,4,414,13,0,2,150,-73,0,1,393,91,2,7,223,5,0,5,405,-34,-2,2,201,-74,-1,1
1,478,8,400,450,425,127,52,0,1,288,184,-2,4,414,15,0,2,150,-72,0,1,395,98,2,7,223,10,0,5,403,-32,-2,2,200,-73,-1,1
1,479,8,408,458,433,127,53,0,1,286,188,-2,4,414,17,0,2,150,-71,0,1,397,105,2,7,223,15,0,5,401,-30,-2,2,199,-72,-1,1
1,480,8,416,466,441,127,54,0,1,284,192,-2,4,414,19,0,2,150,-70,0,1,399,112,2,7,223,20,0,5,399,-28,-2,2,198,-71,-1,1
1,481,8,424,474,449,127,55,0,1,282,196,-2,4,414,21,0,2,150,-69,0,1,401,119,2,7,223,25,0,5,397,-26,-2,2,197,-70,-1,1
2,482,0,424,474,449,127,56,0,1,280,200,-2,4,414,23,0,2,150,-68,0,1,403,126,2,7,223,30,0,5,395,-24,-2,2,196,-69,-1,1
2,483,0,424,474,449,278,204,-2,4,414,25,0,2,150,-67,0,1,405,133,2,7,223,35,0,5,393,-22,-2,2,195,-68,-1,1,192,-96,0,5
2,484,0,424,474,449,414,27,0,2,150,-66,0,1,407,140,2,7,223,40,0,5,391,-20,-2,2,194,-67,-1,1,192,-91,0,5,158,-55,1,2
0,485,-8,416,466,441,414,29,0,2,150,-65,0,1,409,147,2,7,223,45,0,5,389,-18,-2,2,193,-66,-1,1,192,-86,0,5,159,-53,1,2
0,486,-8,408,458,433,414,31,0,2,150,-64,0,1,411,154,2,7,223,50,0,5,387,-16,-2,2,192,-65,-1,1,192,-81,0,5,160,-51,1,2
0,487,-8,400,450,425,414,33,0,2,150,-63,0,1,413,161,2,7,223,55,0,5,385,-14,-2,2,191,-64,-1,1,192,-76,0,5,161,-49,1,2
0,488,-8,392,442,417,414,35,0,2,150,-62,0,1,415,168,2,7,223,60,0,5,383,-12,-2,2,190,-63,-1,1,192,-71,0,5,162,-47,1,2
0,489,-8,384,434,409,414,37,0,2,150,-61,0,1,417,175,2,7,223,65,0,5,381,-10,-2,2,189,-62,-1,1,192,-66,0,5,163,-45,1,2
0,490,-8,376,426,401,414,39,0,2,150,-60,0,1,419,182,2,7,223,70,0,5,379,-8,-2,2,188,-61,-1,1,192,-61,0,5,164,-43,1,2
0,491,-8,368,418,393,414,41,0,2,150,-59,0,1,421,189,2,7,223,75,0,5,377,-6,-2,2,187,-60,-1,1,192,-56,0,5,165,-41,1,2
0,492,-8,360,410,385,414,43,0,2,150,-58,0,1,423,196,2,7,223,80,0,5,375,-4,-2,2,186,-59,-1,1,192,-51,0,5,166,-39,1,2
0,493,-8,352,402,377,414,45,0,2,150,-57,0,1,425,203,2,7,373,-2,-2,2,185,-58,-1,1,192,-46,0,5,167,-37,1,2,354,-41,-3,7
0,494,-8,344,394,369,414,47,0,2,150,-56,0,1,427,210,2,7,371,0,-2,2,184,-57,-1,1,192,-41,0,5,168,-35,1,2,351,-34,-3,7
0,495,-8,336,386,361,414,49,0,2,150,-55,0,1,429,217,2,7,369,2,-2,2,183,-56,-1,1,192,-36,0,5,169,-33,1,2,348,-27,-3,7
0,496,-8,328,378,353,414,51,0,2,150,-54,0,1,431,224,2,7,367,4,-2,2,182,-55,-1,1,192,-31,0,5,345,-20,-3,7,373,-67,-3,2
0,497,-8,320,370,345,414,53,0,2,150,-53,0,1,433,231,2,7,365,6,-2,2,181,-54,-1,1,192,-26,0,5,342,-13,-3,7,370,-65,-3,2
0,498,-8,312,362,337,414,55,0,2,150,-52,0,1,435,238,2,7,363,8,-2,2,180,-53,-1,1,339,-6,-3,7,367,-63,-3,2,57,-53,-3,5
0,499,-8,304,354,329,414,57,0,2,150,-51,0,1,437,245,2,7,361,10,-2,2,179,-52,-1,1,336,1,-3,7,364,-61,-3,2,54,-48,-3,5
0,500,-8,296,346,321,414,59,0,2,150,-50,0,1,439,252,2,7,359,12,-2,2,178,-51,-1,1,333,8,-3,7,361,-59,-3,2,51,-43,-3,5
0,501,-8,288,338,313,414,61,0,2,150,-49,0,1,357,14,-2,2,177,-50,-1,1,330,15,-3,7,358,-57,-3,2,48,-38,-3,5,272,-55,1,1
0,502,-8,280,330,305,414,63,0,2,150,-48,0,1,355,16,-2,2,176,-49,-1,1,327,22,-3,7,355,-55,-3,2,45,-33,-3,5,273,-54,1,1
0,503,-8,272,322,297,414,65,0,2,150,-47,0,1,353,18,-2,2,175,-48,-1,1,324,29,-3,7,352,-53,-3,2,42,-28,-3,5,274,-53,1,1
0,504,-8,264,314,289,414,67,0,2,150,-46,0,1,351,20,-2,2,174,-47,-1,1,321,36,-3,7,349,-51,-3,2,39,-23,-3,5,275,-52,1,1
0,505,-8,256,306,281,414,69,0,2,150,-45,0,1,349,22,-2,2,173,-46,-1,1,318,43,-3,7,346,-49,-3,2,36,-18,-3,5,276,-51,1,1
0,506,-8,248,298,273,414,71,0,2,150,-44,0,1,347,24,-2,2,172,-45,-1,1,315,50,-3,7,343,-47,-3,2,33,-13,-3,5,277,-50,1,1
0,507,-8,240,290,265,414,73,0,2,150,-43,0,1,345,26,-2,2,171,-44,-1,1,340,-45,-3,2,30,-8,-3,5,278,-49,1,1,110,-68,-2,1
0,508,-8,232,282,257,414,75,0,2,150,-42,0,1,343,28,-2,2,170,-43,-1,1,337,-43,-3,2,27,-3,-3,5,279,-48,1,1,108,-67,-2,1
0,509,-8,224,274,249,414,77,0,2,150,-41,0,1,341,30,-2,2,169,-42,-1,1,334,-41,-3,2,24,2,-3,5,280,-47,1,1,106,-66,-2,1
0,510,-8,216,266,241,414,79,0,2,150,-40,0,1,339,32,-2,2,168,-41,-1,1,331,-39,-3,2,21,7,-3,5,281,-46,1,1,104,-65,-2,1
0,511,-8,208,258,233,414,81,0,2,150,-39,0,1,337,34,-2,2,167,-40,-1,1,328,-37,-3,2,18,12,-3,5,282,-45,1,1,102,-64,-2,1
0,512,-8,200,250,225,414,83,0,2,150,-38,0,1,166,-39,-1,1,325,-35,-3,2,15,17,-3,5,283,-44,1,1,100,-63,-2,1,433,-91,-3,7
0,513,-8,192,242,217,414,85,0,2,150,-37,0,1,165,-38,-1,1,322,-33,-3,2,12,22,-3,5,98,-62,-2,1,430,-84,-3,7,300,-64,1,7
0,514,-8,184,234,209,150,-36,0,1,164,-37,-1,1,319,-31,-3,2,9,27,-3,5,96,-61,-2,1,427,-77,-3,7,301,-57,1,7,432,-59,-3,3
0,515,-8,176,226,201,150,-35,0,1,163,-36,-1,1,316,-29,-3,2,6,32,-3,5,94,-60,-2,1,424,-70,-3,7,302,-50,1,7,429,-56,-3,3
0,516,-8,168,218,193,150,-34,0,1,162,-35,-1,1,313,-27,-3,2,3,37,-3,5,92,-59,-2,1,421,-63,-3,7,303,-43,1,7,426,-53,-3,3
0,517,-8,160,210,185,150,-33,0,1,161,-34,-1,1,310,-25,-3,2,0,42,-3,5,90,-58,-2,1,418,-56,-3,7,304,-36,1,7,423,-50,-3,3
0,518,-8,152,202,177,150,-32,0,1,160,-33,-1,1,307,-23,-3,2,-3,47,-3,5,88,-57,-2,1,415,-49,-3,7,305,-29,1,7,420,-47,-3,3
0,519,-8,144,194,169,150,-31,0,1,159,-32,-1,1,304,-21,-3,2,-6,52,-3,5,86,-56,-2,1,412,-42,-3,7,306,-22,1,7,417,-44,-3,3
0,520,-8,136,186,161,150,-30,0,1,158,-31,-1,1,301,-19,-3,2,-9,57,-3,5,84,-55,-2,1,409,-35,-3,7,307,-15,1,7,414,-41,-3,3
0,521,-8,128,178,153,150,-29,0,1,157,-30,-1,1,298,-17,-3,2,-12,62,-3,5,82,-54,-2,1,406,-28,-3,7,308,-8,1,7,411,-38,-3,3
0,522,-8,120,170,145,150,-28,0,1,156,-29,-1,1,295,-15,-3,2,-15,67,-3,5,80,-53,-2,1,403,-21,-3,7,309,-1,1,7,408,-35,-3,3
0,523,-8,112,162,137,150,-27,0,1,155,-28,-1,1,292,-13,-3,2,-18,72,-3,5,78,-52,-2,1,400,-14,-3,7,310,6,1,7,405,-32,-3,3
0,524,-8,104,154,129,150,-26,0,1,154,-27,-1,1,289,-11,-3,2,-21,77,-3,5,76,-51,-2,1,311,13,1,7,402,-29,-3,3,278,-91,0,4
0,525,-8,96,146,121,150,-25,0,1,153,-26,-1,1,286,-9,-3,2,-24,82,-3,5,74,-50,-2,1,312,20,1,7,399,-26,-3,3,278,-87,0,4
0,526,-8,88,138,113,150,-24,0,1,152,-25,-1,1,283,-7,-3,2,424,-94,-3,2,72,-49,-2,1,313,27,1,7,396,-23,-3,3,278,-83,0,4
0,527,-8,80,130,105,150,-23,0,1,151,-24,-1,1,280,-5,-3,2,421,-92,-3,2,70,-48,-2,1,314,34,1,7,393,-20,-3,3,278,-79,0,4
0,528,-8,72,122,97,150,-22,0,1,150,-23,-1,1,277,-3,-3,2,418,-90,-3,2,68,-47,-2,1,315,41,1,7,390,-17,-3,3,278,-75,0,4
0,529,-8,64,114,89,150,-21,0,1,149,-22,-1,1,274,-1,-3,2,415,-88,-3,2,66,-46,-2,1,316,48,1,7,387,-14,-3,3,278,-71,0,4
0,530,-8,56,106,81,150,-20,0,1,148,-21,-1,1,271,1,-3,2,412,-86,-3,2,64,-45,-2,1,317,55,1,7,384,-11,-3,3,278,-67,0,4
0,531,-8,48,98,73,150,-19,0,1,147,-20,-1,1,268,3,-3,2,409,-84,-3,2,62,-44,-2,1,318,62,1,7,381,-8,-3,3,278,-63,0,4
0,532,-8,40,90,65,150,-18,0,1,146,-19,-1,1,265,5,-3,2,406,-82,-3,2,60,-43,-2,1,319,69,1,7,378,-5,-3,3,278,-59,0,4
0,533,-8,32,82,57,150,-17,0,1,145,-18,-1,1,262,7,-3,2,403,-80,-3,2,58,-42,-2,1,320,76,1,7,375,-2,-3,3,278,-55,0,4
0,534,-8,24,74,49,150,-16,0,1,144,-17,-1,1,259,9,-3,2,400,-78,-3,2,56,-41,-2,1,372,1,-3,3,278,-51,0,4,142,-69,-3,1
0,535,-8,16,66,41,150,-15,0,1,143,-16,-1,1,256,11,-3,2,397,-76,-3,2,54,-40,-2,1,369,4,-3,3,278,-47,0,4,139,-68,-3,1
0,536,-8,8,58,33,150,-14,0,1,142,-15,-1,1,253,13,-3,2,394,-74,-3,2,52,-39,-2,1,278,-43,0,4,136,-67,-3,1,254,-76,0,6
3,537,0,8,58,33,150,-13,0,1,141,-14,-1,1,250,15,-3,2,391,-72,-3,2,50,-38,-2,1,278,-39,0,4,133,-66,-3,1,254,-70,0,6
2,538,0,8,58,33,150,-12,0,1,140,-13,-1,1,247,17,-3,2,388,-70,-3,2,48,-37,-2,1,278,-35,0,4,130,-65,-3,1,254,-64,0,6
2,539,0,8,58,33,150,-11,0,1,139,-12,-1,1,244,19,-3,2,385,-68,-3,2,46,-36,-2,1,278,-31,0,4,127,-64,-3,1,254,-58,0,6
2,540,0,8,58,33,150,-10,0,1,138,-11,-1,1,241,21,-3,2,382,-66,-3,2,44,-35,-2,1,278,-27,0,4,124,-63,-3,1,254,-52,0,6
1,541,8,16,66,41,150,-9,0,1,137,-10,-1,1,238,23,-3,2,379,-64,-3,2,42,-34,-2,1,278,-23,0,4,121,-62,-3,1,254,-46,0,6
1,542,8,24,74,49,150,-8,0,1,136,-9,-1,1,235,25,-3,2,376,-62,-3,2,40,-33,-2,1,278,-19,0,4,118,-61,-3,1,254,-40,0,6
1,543,8,32,82,57,150,-7,0,1,135,-8,-1,1,232,27,-3,2,373,-60,-3,2,38,-32,-2,1,278,-15,0,4,115,-60,-3,1,254,-34,0,6
1,544,8,40,90,65,150,-6,0,1,134,-7,-1,1,229,29,-3,2,370,-58,-3,2,36,-31,-2,1,278,-11,0,4,112,-59,-3,1,254,-28,0,6
1,545,8,48,98,73,150,-5,0,1,133,-6,-1,1,226,31,-3,2,367,-56,-3,2,34,-30,-2,1,278,-7,0,4,109,-58,-3,1,254,-22,0,6
1,546,8,56,106,81,150,-4,0,1,132,-5,-1,1,223,33,-3,2,364,-54,-3,2,32,-29,-2,1,278,-3,0,4,106,-57,-3,1,254,-16,0,6
1,547,8,64,114,89,150,-3,0,1,131,-4,-1,1,220,35,-3,2,361,-52,-3,2,30,-28,-2,1,278,1,0,4,103,-56,-3,1,254,-10,0,6
1,548,8,72,122,97,150,-2,0,1,130,-3,-1,1,217,37,-3,2,358,-50,-3,2,28,-27,-2,1,100,-55,-3,1,254,-4,0,6,53,-75,-3,4
1,549,8,80,130,105,150,-1,0,1,129,-2,-1,1,214,39,-3,2,355,-48,-3,2,26,-26,-2,1,97,-54,-3,1,254,2,0,6,50,-71,-3,4
1,550,8,88,138,113,150,0,0,1,128,-1,-1,1,211,41,-3,2,352,-46,-3,2,24,-25,-2,1,94,-53,-3,1,254,8,0,6,47,-67,-3,4
1,551,8,96,146,121,150,1,0,1,127,0,-1,1,208,43,-3,2,349,-44,-3,2,22,-24,-2,1,91,-52,-3,1,44,-63,-3,4,87,-69,-1,2
1,552,8,104,154,129,150,2,0,1,126,1,-1,1,346,-42,-3,2,20,-23,-2,1,88,-51,-3,1,41,-59,-3,4,86,-67,-1,2,42,-95,1,2
1,553,8,112,162,137,150,3,0,1,125,2,-1,1,18,-22,-2,1,85,-50,-3,1,38,-55,-3,4,85,-65,-1,2,43,-93,1,2,274,-53,1,2
1,554,8,120,170,145,150,4,0,1,124,3,-1,1,16,-21,-2,1,82,-49,-3,1,35,-51,-3,4,84,-63,-1,2,44,-91,1,2,275,-51,1,2
1,555,8,128,178,153,150,5,0,1,123,4,-1,1,14,-20,-2,1,79,-48,-3,1,32,-47,-3,4,83,-61,-1,2,45,-89,1,2,276,-49,1,2
1,556,8,136,186,161,150,6,0,1,122,5,-1,1,12,-19,-2,1,76,-47,-3,1,29,-43,-3,4,82,-59,-1,2,46,-87,1,2,277,-47,1,2
1,557,8,144,194,169,150,7,0,1,121,6,-1,1,10,-18,-2,1,73,-46,-3,1,26,-39,-3,4,81,-57,-1,2,47,-85,1,2,278,-45,1,2
1,558,8,152,202,177,150,8,0,1,120,7,-1,1,8,-17,-2,1,70,-45,-3,1,23,-35,-3,4,80,-55,-1,2,48,-83,1,2,279,-43,1,2
1,559,8,160,210,185,150,9,0,1,119,8,-1,1,6,-16,-2,1,67,-44,-3,1,20,-31,-3,4,79,-53,-1,2,49,-81,1,2,280,-41,1,2
1,560,8,168,218,193,150,10,0,1,118,9,-1,1,4,-15,-2,1,64,-43,-3,1,17,-27,-3,4,78,-51,-1,2,50,-79,1,2,281,-39,1,2
1,561,8,176,226,201,150,11,0,1,117,10,-1,1,2,-14,-2,1,61,-42,-3,1,14,-23,-3,4,77,-49,-1,2,51,-77,1,2,282,-37,1,2
1,562,8,184,234,209,116,11,-1,1,0,-13,-2,1,58,-41,-3,1,11,-19,-3,4,76,-47,-1,2,52,-75,1,2,283,-35,1,2,372,-94,-3,6
1,563,8,192,242,217,115,12,-1,1,-2,-12,-2,1,55,-40,-3,1,8,-15,-3,4,75,-45,-1,2,53,-73,1,2,284,-33,1,2,369,-88,-3,6
1,564,8,200,250,225,114,13,-1,1,-4,-11,-2,1,52,-39,-3,1,5,-11,-3,4,74,-43,-1,2,54,-71,1,2,285,-31,1,2,366,-82,-3,6
1,565,8,208,258,233,113,14,-1,1,-6,-10,-2,1,49,-38,-3,1,2,-7,-3,4,73,-41,-1,2,55,-69,1,2,286,-29,1,2,363,-76,-3,6
1,566,8,216,266,241,-8,-9,-2,1,46,-37,-3,1,-1,-3,-3,4,72,-39,-1,2,56,-67,1,2,287,-27,1,2,360,-70,-3,6,388,-78,-2,7
1,567,8,224,274,249,-10,-8,-2,1,43,-36,-3,1,-4,1,-3,4,71,-37,-1,2,57,-65,1,2,288,-25,1,2,357,-64,-3,6,386,-71,-2,7
1,568,8,232,282,257,-12,-7,-2,1,40,-35,-3,1,-7,5,-3,4,70,-35,-1,2,58,-63,1,2,289,-23,1,2,354,-58,-3,6,384,-64,-2,7
1,569,8,240,290,265,-14,-6,-2,1,37,-34,-3,1,-10,9,-3,4,69,-33,-1,2,59,-61,1,2,290,-21,1,2,351,-52,-3,6,382,-57,-2,7
1,570,8,248,298,273,-16,-5,-2,1,34,-33,-3,1,-13,13,-3,4,68,-31,-1,2,60,-59,1,2,291,-19,1,2,348,-46,-3,6,380,-50,-2,7
1,571,8,256,306,281,-18,-4,-2,1,31,-32,-3,1,-16,17,-3,4,67,-29,-1,2,61,-57,1,2,292,-17,1,2,345,-40,-3,6,378,-43,-2,7
1,572,8,264,314,289,-20,-3,-2,1,28,-31,-3,1,-19,21,-3,4,66,-27,-1,2,62,-55,1,2,293,-15,1,2,342,-34,-3,6,376,-36,-2,7
1,573,8,272,322,297,-22,-2,-2,1,25,-30,-3,1,-22,25,-3,4,65,-25,-1,2,63,-53,1,2,294,-13,1,2,339,-28,-3,6,374,-29,-2,7
1,574,8,280,330,305,-24,-1,-2,1,22,-29,-3,1,-25,29,-3,4,64,-23,-1,2,64,-51,1,2,295,-11,1,2,336,-22,-3,6,372,-22,-2,7
1,575,8,288,338,313,21,-65,-2,6,19,-28,-3,1,330,-54,-3,2,63,-21,-1,2,65,-49,1,2,296,-9,1,2,333,-16,-3,6,370,-15,-2,7
1,576,8,296,346,321,19,-59,-2,6,16,-27,-3,1,327,-52,-3,2,62,-19,-1,2,66,-47,1,2,297,-7,1,2,330,-10,-3,6,368,-8,-2,7
1,577,8,304,354,329,17,-53,-2,6,13,-26,-3,1,324,-50,-3,2,61,-17,-1,2,298,-5,1,2,327,-4,-3,6,366,-1,-2,7,142,-74,1,7
1,578,8,312,362,337,15,-47,-2,6,10,-25,-3,1,321,-48,-3,2,299,-3,1,2,324,2,-3,6,364,6,-2,7,143,-67,1,7,126,-72,2,4
1,579,8,320,370,345,13,-41,-2,6,7,-24,-3,1,318,-46,-3,2,300,-1,1,2,321,8,-3,6,362,13,-2,7,144,-60,1,7,128,-68,2,4
1,580,8,328,378,353,11,-35,-2,6,4,-23,-3,1,315,-44,-3,2,301,1,1,2,318,14,-3,6,360,20,-2,7,145,-53,1,7,130,-64,2,4
1,581,8,336,386,361,9,-29,-2,6,1,-22,-3,1,312,-42,-3,2,302,3,1,2,315,20,-3,6,358,27,-2,7,146,-46,1,7,132,-60,2,4
1,582,8,344,394,369,-2,-21,-3,1,309,-40,-3,2,303,5,1,2,312,26,-3,6,356,34,-2,7,147,-39,1,7,134,-56,2,4,244,-77,2,1
1,583,8,352,402,377,-5,-20,-3,1,306,-38,-3,2,304,7,1,2,309,32,-3,6,354,41,-2,7,148,-32,1,7,136,-52,2,4,246,-76,2,1
1,584,8,360,410,385,-8,-19,-3,1,303,-36,-3,2,305,9,1,2,306,38,-3,6,352,48,-2,7,149,-25,1,7,138,-48,2,4,248,-75,2,1
1,585,8,368,418,393,300,-34,-3,2,306,11,1,2,303,44,-3,6,350,55,-2,7,150,-18,1,7,140,-44,2,4,250,-74,2,1,117,-89,1,5
3,586,0,368,418,393,297,-32,-3,2,307,13,1,2,300,50,-3,6,348,62,-2,7,151,-11,1,7,142,-40,2,4,252,-73,2,1,118,-84,1,5
2,587,0,368,418,393,294,-30,-3,2,308,15,1,2,297,56,-3,6,346,69,-2,7,152,-4,1,7,144,-36,2,4,254,-72,2,1,119,-79,1,5
2,588,0,368,418,393,291,-28,-3,2,309,17,1,2,294,62,-3,6,344,76,-2,7,153,3,1,7,146,-32,2,4,256,-71,2,1,120,-74,1,5
0,589,-8,360,410,385,288,-26,-3,2,310,19,1,2,291,68,-3,6,342,83,-2,7,154,10,1,7,148,-28,2,4,258,-70,2,1,121,-69,1,5
0,590,-8,352,402,377,285,-24,-3,2,311,21,1,2,288,74,-3,6,340,90,-2,7,155,17,1,7,150,-24,2,4,260,-69,2,1,122,-64,1,5
0,591,-8,344,394,369,282,-22,-3,2,312,23,1,2,285,80,-3,6,338,97,-2,7,156,24,1,7,152,-20,2,4,262,-68,2,1,123,-59,1,5
0,592,-8,336,386,361,279,-20,-3,2,313,25,1,2,282,86,-3,6,336,104,-2,7,157,31,1,7,154,-16,2,4,264,-67,2,1,124,-54,1,5
0,593,-8,328,378,353,276,-18,-3,2,314,27,1,2,279,92,-3,6,334,111,-2,7,158,38,1,7,156,-12,2,4,266,-66,2,1,125,-49,1,5
0,594,-8,320,370,345,273,-16,-3,2,315,29,1,2,276,98,-3,6,332,118,-2,7,159,45,1,7,158,-8,2,4,268,-65,2,1,126,-44,1,5
0,595,-8,312,362,337,270,-14,-3,2,316,31,1,2,273,104,-3,6,330,125,-2,7,160,52,1,7,160,-4,2,4,270,-64,2,1,127,-39,1,5
0,596,-8,304,354,329,267,-12,-3,2,317,33,1,2,270,110,-3,6,328,132,-2,7,161,59,1,7,162,0,2,4,272,-63,2,1,128,-34,1,5
0,597,-8,296,346,321,264,-10,-3,2,318,35,1,2,267,116,-3,6,326,139,-2,7,164,4,2,4,274,-62,2,1,129,-29,1,5,71,-53,-3,5
0,598,-8,288,338,313,261,-8,-3,2,319,37,1,2,264,122,-3,6,324,146,-2,7,166,8,2,4,276,-61,2,1,130,-24,1,5,324,-46,-1,2
0,599,-8,280,330,305,258,-6,-3,2,320,39,1,2,261,128,-3,6,322,153,-2,7,168,12,2,4,278,-60,2,1,131,-19,1,5,323,-44,-1,2
0,600,-8,272,322,297,255,-4,-3,2,321,41,1,2,258,134,-3,6,320,160,-2,7,170,16,2,4,280,-59,2,1,132,-14,1,5,322,-42,-1,2
0,601,-8,264,314,289,252,-2,-3,2,322,43,1,2,255,140,-3,6,318,167,-2,7,172,20,2,4,282,-58,2,1,321,-40,-1,2,66,-83,-2,3
0,602,-8,256,306,281,249,0,-3,2,323,45,1,2,316,174,-2,7,174,24,2,4,284,-57,2,1,320,-38,-1,2,64,-80,-2,3,136,-53,-1,3
0,603,-8,248,298,273,246,2,-3,2,324,47,1,2,314,181,-2,7,176,28,2,4,286,-56,2,1,319,-36,-1,2,62,-77,-2,3,135,-50,-1,3
0,604,-8,240,290,265,243,4,-3,2,325,49,1,2,312,188,-2,7,178,32,2,4,288,-55,2,1,318,-34,-1,2,60,-74,-2,3,134,-47,-1,3
0,605,-8,232,282,257,240,6,-3,2,326,51,1,2,290,-54,2,1,317,-32,-1,2,58,-71,-2,3,133,-44,-1,3,87,-57,2,1,251,-96,1,7
0,606,-8,224,274,249,237,8,-3,2,327,53,1,2,292,-53,2,1,316,-30,-1,2,56,-68,-2,3,132,-41,-1,3,89,-56,2,1,252,-89,1,7
0,607,-8,216,266,241,234,10,-3,2,328,55,1,2,294,-52,2,1,315,-28,-1,2,54,-65,-2,3,131,-38,-1,3,91,-55,2,1,253,-82,1,7
0,608,-8,208,258,233,231,12,-3,2,329,57,1,2,296,-51,2,1,314,-26,-1,2,52,-62,-2,3,130,-35,-1,3,93,-54,2,1,254,-75,1,7
0,609,-8,200,250,225,228,14,-3,2,330,59,1,2,298,-50,2,1,313,-24,-1,2,50,-59,-2,3,129,-32,-1,3,95,-53,2,1,255,-68,1,7
0,610,-8,192,242,217,331,61,1,2,300,-49,2,1,312,-22,-1,2,48,-56,-2,3,128,-29,-1,3,97,-52,2,1,256,-61,1,7,395,-52,-2,5
0,611,-8,184,234,209,332,63,1,2,302,-48,2,1,311,-20,-1,2,46,-53,-2,3,127,-26,-1,3,99,-51,2,1,257,-54,1,7,393,-47,-2,5
0,612,-8,176,226,201,333,65,1,2,304,-47,2,1,310,-18,-1,2,44,-50,-2,3,126,-23,-1,3,101,-50,2,1,258,-47,1,7,391,-42,-2,5
0,613,-8,168,218,193,334,67,1,2,306,-46,2,1,309,-16,-1,2,42,-47,-2,3,125,-20,-1,3,103,-49,2,1,259,-40,1,7,389,-37,-2,5
0,614,-8,160,210,185,335,69,1,2,308,-45,2,1,308,-14,-1,2,40,-44,-2,3,124,-17,-1,3,105,-48,2,1,260,-33,1,7,387,-32,-2,5
0,615,-8,152,202,177,336,71,1,2,310,-44,2,1,307,-12,-1,2,38,-41,-2,3,123,-14,-1,3,107,-47,2,1,261,-26,1,7,385,-27,-2,5
0,616,-8,144,194,169,337,73,1,2,312,-43,2,1,306,-10,-1,2,36,-38,-2,3,122,-11,-1,3,109,-46,2,1,262,-19,1,7,383,-22,-2,5
0,617,-8,136,186,161,338,75,1,2,314,-42,2,1,305,-8,-1,2,34,-35,-2,3,121,-8,-1,3,111,-45,2,1,263,-12,1,7,381,-17,-2,5
0,618,-8,128,178,153,339,77,1,2,316,-41,2,1,304,-6,-1,2,32,-32,-2,3,120,-5,-1,3,113,-44,2,1,264,-5,1,7,379,-12,-2,5
0,619,-8,120,170,145,340,79,1,2,318,-40,2,1,303,-4,-1,2,30,-29,-2,3,119,-2,-1,3,115,-43,2,1,265,2,1,7,377,-7,-2,5
0,620,-8,112,162,137,320,-39,2,1,302,-2,-1,2,28,-26,-2,3,118,1,-1,3,117,-42,2,1,266,9,1,7,375,-2,-2,5,341,-60,-3,4
0,621,-8,104,154,129,322,-38,2,1,301,0,-1,2,26,-23,-2,3,117,4,-1,3,119,-41,2,1,267,16,1,7,373,3,-2,5,338,-56,-3,4
0,622,-8,96,146,121,324,-37,2,1,300,2,-1,2,24,-20,-2,3,116,7,-1,3,121,-40,2,1,268,23,1,7,371,8,-2,5,335,-52,-3,4
0,623,-8,88,138,113,326,-36,2,1,299,4,-1,2,22,-17,-2,3,115,10,-1,3,123,-39,2,1,269,30,1,7,369,13,-2,5,332,-48,-3,4
0,624,-8,80,130,105,328,-35,2,1,298,6,-1,2,20,-14,-2,3,114,13,-1,3,125,-38,2,1,270,37,1,7,367,18,-2,5,329,-44,-3,4
0,625,-8,72,122,97,330,-34,2,1,297,8,-1,2,18,-11,-2,3,113,16,-1,3,127,-37,2,1,271,44,1,7,365,23,-2,5,326,-40,-3,4
0,626,-8,64,114,89,332,-33,2,1,296,10,-1,2,16,-8,-2,3,112,19,-1,3,129,-36,2,1,272,51,1,7,363,28,-2,5,323,-36,-3,4
0,627,-8,56,106,81,334,-32,2,1,295,12,-1,2,14,-5,-2,3,111,22,-1,3,131,-35,2,1,273,58,1,7,361,33,-2,5,320,-32,-3,4
0,628,-8,48,98,73,336,-31,2,1,294,14,-1,2,12,-2,-2,3,110,25,-1,3,133,-34,2,1,274,65,1,7,317,-28,-3,4,178,-71,2,1
0,629,-8,40,90,65,338,-30,2,1,293,16,-1,2,10,1,-2,3,109,28,-1,3,135,-33,2,1,275,72,1,7,314,-24,-3,4,180,-70,2,1
0,630,-8,32,82,57,340,-29,2,1,292,18,-1,2,8,4,-2,3,108,31,-1,3,137,-32,2,1,276,79,1,7,311,-20,-3,4,182,-69,2,1
0,631,-8,24,74,49,342,-28,2,1,291,20,-1,2,6,7,-2,3,107,34,-1,3,139,-31,2,1,277,86,1,7,308,-16,-3,4,184,-68,2,1
0,632,-8,16,66,41,344,-27,2,1,290,22,-1,2,4,10,-2,3,106,37,-1,3,141,-30,2,1,278,93,1,7,305,-12,-3,4,186,-67,2,1
0,633,-8,8,58,33,346,-26,2,1,289,24,-1,2,2,13,-2,3,105,40,-1,3,143,-29,2,1,279,100,1,7,302,-8,-3,4,188,-66,2,1
0,634,-8,0,50,25,348,-25,2,1,288,26,-1,2,0,16,-2,3,104,43,-1,3,145,-28,2,1,299,-4,-3,4,190,-65,2,1,53,-49,-1,4
0,635,-8,0,50,25,350,-24,2,1,287,28,-1,2,-2,19,-2,3,103,46,-1,3,147,-27,2,1,296,0,-3,4,192,-64,2,1,52,-45,-1,4
2,636,0,0,50,25,352,-23,2,1,286,30,-1,2,-4,22,-2,3,102,49,-1,3,149,-26,2,1,293,4,-3,4,194,-63,2,1,51,-41,-1,4
2,637,0,0,50,25,354,-22,2,1,285,32,-1,2,-6,25,-2,3,101,52,-1,3,151,-25,2,1,290,8,-3,4,196,-62,2,1,50,-37,-1,4
3,638,0,0,50,25,284,34,-1,2,-8,28,-2,3,100,55,-1,3,153,-24,2,1,287,12,-3,4,198,-61,2,1,49,-33,-1,4,356,-78,2,7
2,639,0,0,50,25,283,36,-1,2,-10,31,-2,3,99,58,-1,3,155,-23,2,1,284,16,-3,4,200,-60,2,1,48,-29,-1,4,358,-71,2,7
1,640,8,8,58,33,282,38,-1,2,-12,34,-2,3,98,61,-1,3,157,-22,2,1,281,20,-3,4,202,-59,2,1,47,-25,-1,4,360,-64,2,7
1,641,8,16,66,41,281,40,-1,2,-14,37,-2,3,97,64,-1,3,159,-21,2,1,278,24,-3,4,204,-58,2,1,46,-21,-1,4,362,-57,2,7
1,642,8,24,74,49,280,42,-1,2,-16,40,-2,3,96,67,-1,3,161,-20,2,1,275,28,-3,4,206,-57,2,1,45,-17,-1,4,364,-50,2,7
1,643,8,32,82,57,279,44,-1,2,-18,43,-2,3,95,70,-1,3,163,-19,2,1,272,32,-3,4,208,-56,2,1,44,-13,-1,4,366,-43,2,7
1,644,8,40,90,65,-20,46,-2,3,94,73,-1,3,165,-18,2,1,269,36,-3,4,210,-55,2,1,43,-9,-1,4,368,-36,2,7,214,-55,-2,1
1,645,8,48,98,73,-22,49,-2,3,93,76,-1,3,167,-17,2,1,266,40,-3,4,212,-54,2,1,42,-5,-1,4,370,-29,2,7,212,-54,-2,1
1,646,8,56,106,81,-24,52,-2,3,92,79,-1,3,169,-16,2,1,263,44,-3,4,214,-53,2,1,41,-1,-1,4,372,-22,2,7,210,-53,-2,1
1,647,8,64,114,89,72,-58,-2,7,91,82,-1,3,171,-15,2,1,260,48,-3,4,216,-52,2,1,40,3,-1,4,374,-15,2,7,208,-52,-2,1
1,648,8,72,122,97,70,-51,-2,7,90,85,-1,3,173,-14,2,1,257,52,-3,4,218,-51,2,1,39,7,-1,4,376,-8,2,7,206,-51,-2,1
1,649,8,80,130,105,68,-44,-2,7,89,88,-1,3,175,-13,2,1,220,-50,2,1,38,11,-1,4,378,-1,2,7,204,-50,-2,1,172,-58,-3,6
1,650,8,88,138,113,66,-37,-2,7,88,91,-1,3,177,-12,2,1,222,-49,2,1,37,15,-1,4,380,6,2,7,202,-49,-2,1,169,-52,-3,6
1,651,8,96,146,121,64,-30,-2,7,87,94,-1,3,179,-11,2,1,224,-48,2,1,36,19,-1,4,382,13,2,7,200,-48,-2,1,166,-46,-3,6
1,652,8,104,154,129,62,-23,-2,7,86,97,-1,3,181,-10,2,1,226,-47,2,1,35,23,-1,4,384,20,2,7,198,-47,-2,1,163,-40,-3,6
1,653,8,112,162,137,60,-16,-2,7,85,100,-1,3,183,-9,2,1,228,-46,2,1,34,27,-1,4,386,27,2,7,196,-46,-2,1,160,-34,-3,6
1,654,8,120,170,145,58,-9,-2,7,84,103,-1,3,185,-8,2,1,230,-45,2,1,33,31,-1,4,388,34,2,7,194,-45,-2,1,157,-28,-3,6
1,655,8,128,178,153,56,-2,-2,7,83,106,-1,3,187,-7,2,1,232,-44,2,1,32,35,-1,4,390,41,2,7,192,-44,-2,1,154,-22,-3,6
1,656,8,136,186,161,54,5,-2,7,189,-6,2,1,234,-43,2,1,31,39,-1,4,392,48,2,7,190,-43,-2,1,151,-16,-3,6,283,-88,-3,6
1,657,8,144,194,169,52,12,-2,7,191,-5,2,1,236,-42,2,1,30,43,-1,4,394,55,2,7,188,-42,-2,1,148,-10,-3,6,280,-82,-3,6
1,658,8,152,202,177,50,19,-2,7,238,-41,2,1,29,47,-1,4,396,62,2,7,186,-41,-2,1,145,-4,-3,6,277,-76,-3,6,197,-90,0,6
1,659,8,160,210,185,48,26,-2,7,240,-40,2,1,28,51,-1,4,398,69,2,7,184,-40,-2,1,142,2,-3,6,274,-70,-3,6,197,-84,0,6
1,660,8,168,218,193,46,33,-2,7,242,-39,2,1,27,55,-1,4,400,76,2,7,182,-39,-2,1,271,-64,-3,6,197,-78,0,6,93,-74,-3,7
1,661,8,176,226,201,44,40,-2,7,244,-38,2,1,26,59,-1,4,402,83,2,7,180,-38,-2,1,268,-58,-3,6,197,-72,0,6,90,-67,-3,7
1,662,8,184,234,209,42,47,-2,7,246,-37,2,1,25,63,-1,4,404,90,2,7,178,-37,-2,1,265,-52,-3,6,197,-66,0,6,87,-60,-3,7
1,663,8,192,242,217,40,54,-2,7,248,-36,2,1,24,67,-1,4,406,97,2,7,176,-36,-2,1,262,-46,-3,6,197,-60,0,6,84,-53,-3,7
1,664,8,200,250,225,38,61,-2,7,250,-35,2,1,23,71,-1,4,408,104,2,7,174,-35,-2,1,259,-40,-3,6,197,-54,0,6,81,-46,-3,7
1,665,8,208,258,233,36,68,-2,7,252,-34,2,1,22,75,-1,4,410,111,2,7,172,-34,-2,1,256,-34,-3,6,197,-48,0,6,78,-39,-3,7
1,666,8,216,266,241,254,-33,2,1,21,79,-1,4,412,118,2,7,170,-33,-2,1,253,-28,-3,6,197,-42,0,6,75,-32,-3,7,6,-95,-2,2
1,667,8,224,274,249,256,-32,2,1,414,125,2,7,168,-32,-2,1,250,-22,-3,6,197,-36,0,6,72,-25,-3,7,4,-93,-2,2,306,-100,0,2
1,668,8,232,282,257,258,-31,2,1,416,132,2,7,166,-31,-2,1,247,-16,-3,6,197,-30,0,6,69,-18,-3,7,2,-91,-2,2,306,-98,0,2
1,669,8,240,290,265,260,-30,2,1,418,139,2,7,164,-30,-2,1,244,-10,-3,6,197,-24,0,6,66,-11,-3,7,0,-89,-2,2,306,-96,0,2
1,670,8,248,298,273,262,-29,2,1,420,146,2,7,162,-29,-2,1,241,-4,-3,6,197,-18,0,6,-2,-87,-2,2,306,-94,0,2,143,-55,-3,4
1,671,8,256,306,281,264,-28,2,1,422,153,2,7,160,-28,-2,1,238,2,-3,6,197,-12,0,6,-4,-85,-2,2,306,-92,0,2,40,-90,0,7
1,672,8,264,314,289,266,-27,2,1,424,160,2,7,158,-27,-2,1,235,8,-3,6,197,-6,0,6,-6,-83,-2,2,306,-90,0,2,40,-83,0,7
1,673,8,272,322,297,268,-26,2,1,426,167,2,7,156,-26,-2,1,232,14,-3,6,197,0,0,6,-8,-81,-2,2,306,-88,0,2,40,-76,0,7
1,674,8,280,330,305,270,-25,2,1,428,174,2,7,154,-25,-2,1,229,20,-3,6,197,6,0,6,-10,-79,-2,2,306,-86,0,2,40,-69,0,7
1,675,8,288,338,313,272,-24,2,1,430,181,2,7,152,-24,-2,1,226,26,-3,6,197,12,0,6,-12,-77,-2,2,306,-84,0,2,40,-62,0,7
1,676,8,296,346,321,274,-23,2,1,432,188,2,7,150,-23,-2,1,223,32,-3,6,197,18,0,6,-14,-75,-2,2,306,-82,0,2,40,-55,0,7
1,677,8,304,354,329,276,-22,2,1,434,195,2,7,148,-22,-2,1,220,38,-3,6,197,24,0,6,-16,-73,-2,2,306,-80,0,2,40,-48,0,7
1,678,8,312,362,337,278,-21,2,1,436,202,2,7,146,-21,-2,1,217,44,-3,6,197,30,0,6,-18,-71,-2,2,306,-78,0,2,40,-41,0,7
1,679,8,320,370,345,280,-20,2,1,438,209,2,7,144,-20,-2,1,214,50,-3,6,197,36,0,6,-20,-69,-2,2,306,-76,0,2,40,-34,0,7
1,680,8,328,378,353,282,-19,2,1,440,216,2,7,142,-19,-2,1,211,56,-3,6,197,42,0,6,-22,-67,-2,2,306,-74,0,2,40,-27,0,7
1,681,8,336,386,361,284,-18,2,1,442,223,2,7,140,-18,-2,1,208,62,-3,6,197,48,0,6,-24,-65,-2,2,306,-72,0,2,53,-80,-1,7
1,682,8,344,394,369,286,-17,2,1,444,230,2,7,138,-17,-2,1,205,68,-3,6,197,54,0,6,386,-97,-2,1,306,-70,0,2,52,-73,-1,7
1,683,8,352,402,377,288,-16,2,1,446,237,2,7,136,-16,-2,1,202,74,-3,6,197,60,0,6,384,-96,-2,1,306,-68,0,2,51,-66,-1,7
1,684,8,360,410,385,290,-15,2,1,448,244,2,7,134,-15,-2,1,199,80,-3,6,197,66,0,6,382,-95,-2,1,306,-66,0,2,50,-59,-1,7
1,685,8,368,418,393,292,-14,2,1,450,251,2,7,132,-14,-2,1,196,86,-3,6,197,72,0,6,380,-94,-2,1,306,-64,0,2,49,-52,-1,7
1,686,8,376,426,401,294,-13,2,1,452,258,2,7,130,-13,-2,1,193,92,-3,6,197,78,0,6,378,-93,-2,1,306,-62,0,2,48,-45,-1,7
1,687,8,384,434,409,296,-12,2,1,454,265,2,7,128,-12,-2,1,190,98,-3,6,197,84,0,6,376,-92,-2,1,306,-60,0,2,47,-38,-1,7
1,688,8,392,442,417,298,-11,2,1,456,272,2,7,126,-11,-2,1,187,104,-3,6,197,90,0,6,374,-91,-2,1,306,-58,0,2,46,-31,-1,7
1,689,8,400,450,425,300,-10,2,1,199,-89,2,5,124,-10,-2,1,184,110,-3,6,197,96,0,6,372,-90,-2,1,306,-56,0,2,45,-24,-1,7
1,690,8,408,458,433,302,-9,2,1,201,-84,2,5,122,-9,-2,1,181,116,-3,6,197,102,0,6,370,-89,-2,1,306,-54,0,2,44,-17,-1,7
1,691,8,416,466,441,304,-8,2,1,203,-79,2,5,120,-8,-2,1,178,122,-3,6,197,108,0,6,368,-88,-2,1,306,-52,0,2,86,-52,2,1
1,692,8,424,474,449,306,-7,2,1,205,-74,2,5,118,-7,-2,1,197,114,0,6,366,-87,-2,1,306,-50,0,2,88,-51,2,1,214,-61,-2,1
1,693,8,430,480,455,308,-6,2,1,207,-69,2,5,116,-6,-2,1,197,120,0,6,364,-86,-2,1,306,-48,0,2,90,-50,2,1,212,-60,-2,1
2,694,0,430,480,455,310,-5,2,1,209,-64,2,5,114,-5,-2,1,197,126,0,6,362,-85,-2,1,306,-46,0,2,92,-49,2,1,210,-59,-2,1
3,695,0,430,480,455,312,-4,2,1,211,-59,2,5,112,-4,-2,1,360,-84,-2,1,306,-44,0,2,94,-48,2,1,208,-58,-2,1,290,-84,-2,1
2,696,0,430,480,455,314,-3,2,1,213,-54,2,5,358,-83,-2,1,306,-42,0,2,96,-47,2,1,206,-57,-2,1,288,-83,-2,1,141,-99,-2,3
2,697,0,430,480,455,316,-2,2,1,215,-49,2,5,356,-82,-2,1,306,-40,0,2,98,-46,2,1,204,-56,-2,1,286,-82,-2,1,139,-96,-2,3
2,698,0,430,480,455,318,-1,2,1,217,-44,2,5,354,-81,-2,1,306,-38,0,2,100,-45,2,1,202,-55,-2,1,284,-81,-2,1,137,-93,-2,3
0,699,-8,422,472,447,320,0,2,1,219,-39,2,5,352,-80,-2,1,306,-36,0,2,102,-44,2,1,200,-54,-2,1,282,-80,-2,1,135,-90,-2,3
0,700,-8,414,464,439,322,1,2,1,221,-34,2,5,350,-79,-2,1,306,-34,0,2,104,-43,2,1,198,-53,-2,1,280,-79,-2,1,133,-87,-2,3
0,701,-8,406,456,431,324,2,2,1,223,-29,2,5,348,-78,-2,1,306,-32,0,2,106,-42,2,1,196,-52,-2,1,278,-78,-2,1,131,-84,-2,3
0,702,-8,398,448,423,326,3,2,1,225,-24,2,5,346,-77,-2,1,306,-30,0,2,108,-41,2,1,194,-51,-2,1,276,-77,-2,1,129,-81,-2,3
0,703,-8,390,440,415,328,4,2,1,227,-19,2,5,344,-76,-2,1,306,-28,0,2,110,-40,2,1,192,-50,-2,1,274,-76,-2,1,127,-78,-2,3
0,704,-8,382,432,407,330,5,2,1,229,-14,2,5,342,-75,-2,1,306,-26,0,2,190,-49,-2,1,272,-75,-2,1,125,-75,-2,3,8,-97,2,2
0,705,-8,374,424,399,332,6,2,1,231,-9,2,5,340,-74,-2,1,306,-24,0,2,188,-48,-2,1,270,-74,-2,1,123,-72,-2,3,10,-95,2,2
0,706,-8,366,416,391,334,7,2,1,233,-4,2,5,338,-73,-2,1,306,-22,0,2,186,-47,-2,1,268,-73,-2,1,121,-69,-2,3,12,-93,2,2
0,707,-8,358,408,383,336,8,2,1,235,1,2,5,336,-72,-2,1,306,-20,0,2,184,-46,-2,1,266,-72,-2,1,119,-66,-2,3,14,-91,2,2
0,708,-8,350,400,375,338,9,2,1,237,6,2,5,334,-71,-2,1,306,-18,0,2,182,-45,-2,1,264,-71,-2,1,117,-63,-2,3,16,-89,2,2
0,709,-8,342,392,367,340,10,2,1,239,11,2,5,332,-70,-2,1,306,-16,0,2,180,-44,-2,1,262,-70,-2,1,115,-60,-2,3,18,-87,2,2
0,710,-8,334,384,359,342,11,2,1,330,-69,-2,1,306,-14,0,2,178,-43,-2,1,260,-69,-2,1,113,-57,-2,3,20,-85,2,2,410,-50,0,3
0,711,-8,326,376,351,344,12,2,1,328,-68,-2,1,306,-12,0,2,176,-42,-2,1,258,-68,-2,1,111,-54,-2,3,22,-83,2,2,410,-47,0,3
0,712,-8,318,368,343,346,13,2,1,326,-67,-2,1,306,-10,0,2,174,-41,-2,1,256,-67,-2,1,109,-51,-2,3,24,-81,2,2,410,-44,0,3
0,713,-8,310,360,335,348,14,2,1,324,-66,-2,1,306,-8,0,2,172,-40,-2,1,254,-66,-2,1,107,-48,-2,3,26,-79,2,2,410,-41,0,3
0,714,-8,302,352,327,350,15,2,1,322,-65,-2,1,306,-6,0,2,170,-39,-2,1,252,-65,-2,1,105,-45,-2,3,28,-77,2,2,410,-38,0,3
0,715,-8,294,344,319,352,16,2,1,320,-64,-2,1,306,-4,0,2,168,-38,-2,1,250,-64,-2,1,103,-42,-2,3,30,-75,2,2,410,-35,0,3
0,716,-8,286,336,311,354,17,2,1,318,-63,-2,1,306,-2,0,2,166,-37,-2,1,248,-63,-2,1,101,-39,-2,3,32,-73,2,2,410,-32,0,3
0,717,-8,278,328,303,356,18,2,1,316,-62,-2,1,306,0,0,2,164,-36,-2,1,246,-62,-2,1,99,-36,-2,3,34,-71,2,2,410,-29,0,3
0,718,-8,270,320,295,358,19,2,1,314,-61,-2,1,306,2,0,2,162,-35,-2,1,244,-61,-2,1,97,-33,-2,3,36,-69,2,2,410,-26,0,3
0,719,-8,262,312,287,360,20,2,1,312,-60,-2,1,306,4,0,2,160,-34,-2,1,242,-60,-2,1,95,-30,-2,3,38,-67,2,2,410,-23,0,3
0,720,-8,254,304,279,362,21,2,1,310,-59,-2,1,306,6,0,2,158,-33,-2,1,240,-59,-2,1,93,-27,-2,3,40,-65,2,2,410,-20,0,3
0,721,-8,246,296,271,364,22,2,1,308,-58,-2,1,156,-32,-2,1,238,-58,-2,1,91,-24,-2,3,42,-63,2,2,410,-17,0,3,395,-88,-1,4
0,722,-8,238,288,263,366,23,2,1,306,-57,-2,1,154,-31,-2,1,89,-21,-2,3,44,-61,2,2,410,-14,0,3,394,-84,-1,4,391,-44,0,6
0,723,-8,230,280,255,368,24,2,1,304,-56,-2,1,152,-30,-2,1,87,-18,-2,3,46,-59,2,2,410,-11,0,3,393,-80,-1,4,391,-38,0,6
0,724,-8,222,272,247,370,25,2,1,302,-55,-2,1,150,-29,-2,1,85,-15,-2,3,48,-57,2,2,410,-8,0,3,392,-76,-1,4,391,-32,0,6
0,725,-8,214,264,239,372,26,2,1,148,-28,-2,1,83,-12,-2,3,50,-55,2,2,410,-5,0,3,391,-72,-1,4,391,-26,0,6,196,-50,-2,1
0,726,-8,206,256,231,374,27,2,1,146,-27,-2,1,81,-9,-2,3,52,-53,2,2,410,-2,0,3,390,-68,-1,4,391,-20,0,6,194,-49,-2,1
0,727,-8,198,248,223,144,-26,-2,1,79,-6,-2,3,54,-51,2,2,410,1,0,3,389,-64,-1,4,391,-14,0,6,192,-48,-2,1,319,-84,2,5
0,728,-8,190,240,215,142,-25,-2,1,77,-3,-2,3,56,-49,2,2,410,4,0,3,388,-60,-1,4,391,-8,0,6,190,-47,-2,1,321,-79,2,5
0,729,-8,182,232,207,140,-24,-2,1,75,0,-2,3,58,-47,2,2,410,7,0,3,387,-56,-1,4,391,-2,0,6,188,-46,-2,1,323,-74,2,5
3,730,0,182,232,207,138,-23,-2,1,73,3,-2,3,60,-45,2,2,410,10,0,3,386,-52,-1,4,391,4,0,6,186,-45,-2,1,325,-69,2,5
3,731,0,182,232,207,136,-22,-2,1,71,6,-2,3,62,-43,2,2,410,13,0,3,385,-48,-1,4,391,10,0,6,184,-44,-2,1,327,-64,2,5
3,732,0,182,232,207,134,-21,-2,1,69,9,-2,3,64,-41,2,2,384,-44,-1,4,391,16,0,6,182,-43,-2,1,329,-55,-1,7,182,-98,-3,1
3,733,0,182,232,207,132,-20,-2,1,67,12,-2,3,66,-39,2,2,383,-40,-1,4,391,22,0,6,180,-42,-2,1,328,-48,-1,7,179,-97,-3,1
3,734,0,182,232,207,130,-19,-2,1,65,15,-2,3,68,-37,2,2,382,-36,-1,4,391,28,0,6,178,-41,-2,1,327,-41,-1,7,176,-96,-3,1
3,735,0,182,232,207,128,-18,-2,1,63,18,-2,3,70,-35,2,2,381,-32,-1,4,391,34,0,6,176,-40,-2,1,326,-34,-1,7,173,-95,-3,1
3,736,0,182,232,207,126,-17,-2,1,61,21,-2,3,72,-33,2,2,380,-28,-1,4,391,40,0,6,174,-39,-2,1,325,-27,-1,7,170,-94,-3,1
3,737,0,182,232,207,124,-16,-2,1,59,24,-2,3,74,-31,2,2,379,-24,-1,4,391,46,0,6,172,-38,-2,1,324,-20,-1,7,167,-93,-3,1
3,738,0,182,232,207,122,-15,-2,1,57,27,-2,3,76,-29,2,2,378,-20,-1,4,391,52,0,6,170,-37,-2,1,323,-13,-1,7,164,-92,-3,1
3,739,0,182,232,207,120,-14,-2,1,55,30,-2,3,78,-27,2,2,377,-16,-1,4,391,58,0,6,168,-36,-2,1,322,-6,-1,7,161,-91,-3,1
3,740,0,182,232,207,118,-13,-2,1,53,33,-2,3,80,-25,2,2,376,-12,-1,4,166,-35,-2,1,321,1,-1,7,158,-90,-3,1,79,-54,-1,7
3,741,0,182,232,207,116,-12,-2,1,51,36,-2,3,82,-23,2,2,375,-8,-1,4,164,-34,-2,1,320,8,-1,7,155,-89,-3,1,78,-47,-1,7
3,742,0,182,232,207,114,-11,-2,1,49,39,-2,3,84,-21,2,2,374,-4,-1,4,162,-33,-2,1,319,15,-1,7,152,-88,-3,1,77,-40,-1,7
3,743,0,182,232,207,112,-10,-2,1,47,42,-2,3,86,-19,2,2,373,0,-1,4,160,-32,-2,1,318,22,-1,7,149,-87,-3,1,76,-33,-1,7
3,744,0,182,232,207,110,-9,-2,1,45,45,-2,3,88,-17,2,2,372,4,-1,4,158,-31,-2,1,317,29,-1,7,146,-86,-3,1,75,-26,-1,7
3,745,0,182,232,207,108,-8,-2,1,43,48,-2,3,90,-15,2,2,371,8,-1,4,156,-30,-2,1,316,36,-1,7,143,-85,-3,1,74,-19,-1,7
3,746,0,182,232,207,106,-7,-2,1,41,51,-2,3,92,-13,2,2,370,12,-1,4,154,-29,-2,1,315,43,-1,7,140,-84,-3,1,73,-12,-1,7
3,747,0,182,232,207,104,-6,-2,1,39,54,-2,3,94,-11,2,2,369,16,-1,4,152,-28,-2,1,314,50,-1,7,137,-83,-3,1,72,-5,-1,7
3,748,0,182,232,207,102,-5,-2,1,37,57,-2,3,96,-9,2,2,150,-27,-2,1,313,57,-1,7,134,-82,-3,1,71,2,-1,7,226,-85,-1,2
3,749,0,182,232,207,100,-4,-2,1,35,60,-2,3,98,-7,2,2,148,-26,-2,1,312,64,-1,7,131,-81,-3,1,70,9,-1,7,225,-83,-1,2
3,750,0,182,232,207,98,-3,-2,1,33,63,-2,3,100,-5,2,2,146,-25,-2,1,128,-80,-3,1,69,16,-1,7,224,-81,-1,2,383,-90,-2,7
3,751,0,182,232,207,96,-2,-2,1,31,66,-2,3,102,-3,2,2,144,-24,-2,1,125,-79,-3,1,68,23,-1,7,223,-79,-1,2,381,-83,-2,7
3,752,0,182,232,207,94,-1,-2,1,29,69,-2,3,104,-1,2,2,142,-23,-2,1,122,-78,-3,1,67,30,-1,7,222,-77,-1,2,379,-76,-2,7
3,753,0,182,232,207,92,0,-2,1,27,72,-2,3,106,1,2,2,140,-22,-2,1,119,-77,-3,1,66,37,-1,7,221,-75,-1,2,377,-69,-2,7
3,754,0,182,232,207,90,1,-2,1,25,75,-2,3,108,3,2,2,138,-21,-2,1,116,-76,-3,1,65,44,-1,7,220,-73,-1,2,375,-62,-2,7
3,755,0,182,232,207,88,2,-2,1,23,78,-2,3,110,5,2,2,136,-20,-2,1,113,-75,-3,1,64,51,-1,7,219,-71,-1,2,373,-55,-2,7
3,756,0,182,232,207,86,3,-2,1,21,81,-2,3,112,7,2,2,134,-19,-2,1,110,-74,-3,1,63,58,-1,7,218,-69,-1,2,371,-48,-2,7
3,757,0,182,232,207,84,4,-2,1,19,84,-2,3,114,9,2,2,132,-18,-2,1,107,-73,-3,1,62,65,-1,7,217,-67,-1,2,65,-70,-3,1
3,758,0,182,232,207,82,5,-2,1,17,87,-2,3,116,11,2,2,130,-17,-2,1,104,-72,-3,1,61,72,-1,7,216,-65,-1,2,62,-69,-3,1
3,759,0,182,232,207,80,6,-2,1,15,90,-2,3,118,13,2,2,128,-16,-2,1,101,-71,-3,1,60,79,-1,7,215,-63,-1,2,59,-68,-3,1
3,760,0,182,232,207,78,7,-2,1,13,93,-2,3,120,15,2,2,126,-15,-2,1,98,-70,-3,1,59,86,-1,7,214,-61,-1,2,56,-67,-3,1
3,761,0,182,232,207,76,8,-2,1,11,96,-2,3,122,17,2,2,124,-14,-2,1,95,-69,-3,1,58,93,-1,7,213,-59,-1,2,53,-66,-3,1
3,762,0,182,232,207,74,9,-2,1,9,99,-2,3,124,19,2,2,122,-13,-2,1,92,-68,-3,1,57,100,-1,7,212,-57,-1,2,50,-65,-3,1
3,763,0,182,232,207,72,10,-2,1,7,102,-2,3,126,21,2,2,120,-12,-2,1,89,-67,-3,1,56,107,-1,7,211,-55,-1,2,47,-64,-3,1
3,764,0,182,232,207,70,11,-2,1,5,105,-2,3,128,23,2,2,118,-11,-2,1,86,-66,-3,1,55,114,-1,7,210,-53,-1,2,44,-63,-3,1
3,765,0,182,232,207,68,12,-2,1,3,108,-2,3,130,25,2,2,116,-10,-2,1,83,-65,-3,1,54,121,-1,7,209,-51,-1,2,41,-62,-3,1
3,766,0,182,232,207,66,13,-2,1,1,111,-2,3,132,27,2,2,114,-9,-2,1,80,-64,-3,1,53,128,-1,7,208,-49,-1,2,38,-61,-3,1
3,767,0,182,232,207,64,14,-2,1,-1,114,-2,3,134,29,2,2,112,-8,-2,1,77,-63,-3,1,52,135,-1,7,207,-47,-1,2,35,-60,-3,1
3,768,0,182,232,207,62,15,-2,1,-3,117,-2,3,136,31,2,2,110,-7,-2,1,74,-62,-3,1,51,142,-1,7,206,-45,-1,2,32,-59,-3,1
